[2026-04-26 13:19:39] local.ERROR: SQLSTATE[HY000] [1045] Access denied for user 'root'@'localhost' (using password: NO) (Connection: mysql, SQL: select * from `antrians`) {"exception":"[object] (Illuminate\\Database\\QueryException(code: 1045): SQLSTATE[HY000] [1045] Access denied for user 'root'@'localhost' (using password: NO) (Connection: mysql, SQL: select * from `antrians`) at /Users/mymacc/Laravel/antriandukcapil/vendor/laravel/framework/src/Illuminate/Database/Connection.php:793)
[stacktrace]
#0 /Users/mymacc/Laravel/antriandukcapil/vendor/laravel/framework/src/Illuminate/Database/Connection.php(753): Illuminate\\Database\\Connection->runQueryCallback('select * from `...', Array, Object(Closure))
#1 /Users/mymacc/Laravel/antriandukcapil/vendor/laravel/framework/src/Illuminate/Database/Connection.php(405): Illuminate\\Database\\Connection->run('select * from `...', Array, Object(Closure))
#2 /Users/mymacc/Laravel/antriandukcapil/vendor/laravel/framework/src/Illuminate/Database/Query/Builder.php(2718): Illuminate\\Database\\Connection->select('select * from `...', Array, true)
#3 /Users/mymacc/Laravel/antriandukcapil/vendor/laravel/framework/src/Illuminate/Database/Query/Builder.php(2707): Illuminate\\Database\\Query\\Builder->runSelect()
#4 /Users/mymacc/Laravel/antriandukcapil/vendor/laravel/framework/src/Illuminate/Database/Query/Builder.php(3248): Illuminate\\Database\\Query\\Builder->Illuminate\\Database\\Query\\{closure}()
#5 /Users/mymacc/Laravel/antriandukcapil/vendor/laravel/framework/src/Illuminate/Database/Query/Builder.php(2706): Illuminate\\Database\\Query\\Builder->onceWithColumns(Array, Object(Closure))
#6 /Users/mymacc/Laravel/antriandukcapil/vendor/laravel/framework/src/Illuminate/Database/Eloquent/Builder.php(717): Illuminate\\Database\\Query\\Builder->get(Array)
#7 /Users/mymacc/Laravel/antriandukcapil/vendor/laravel/framework/src/Illuminate/Database/Eloquent/Builder.php(701): Illuminate\\Database\\Eloquent\\Builder->getModels(Array)
#8 /Users/mymacc/Laravel/antriandukcapil/vendor/laravel/framework/src/Illuminate/Database/Eloquent/Model.php(674): Illuminate\\Database\\Eloquent\\Builder->get(Array)
#9 /Users/mymacc/Laravel/antriandukcapil/app/Providers/AppServiceProvider.php(24): Illuminate\\Database\\Eloquent\\Model::all()
#10 /Users/mymacc/Laravel/antriandukcapil/vendor/laravel/framework/src/Illuminate/Container/BoundMethod.php(36): App\\Providers\\AppServiceProvider->boot()
#11 /Users/mymacc/Laravel/antriandukcapil/vendor/laravel/framework/src/Illuminate/Container/Util.php(41): Illuminate\\Container\\BoundMethod::Illuminate\\Container\\{closure}()
#12 /Users/mymacc/Laravel/antriandukcapil/vendor/laravel/framework/src/Illuminate/Container/BoundMethod.php(93): Illuminate\\Container\\Util::unwrapIfClosure(Object(Closure))
#13 /Users/mymacc/Laravel/antriandukcapil/vendor/laravel/framework/src/Illuminate/Container/BoundMethod.php(35): Illuminate\\Container\\BoundMethod::callBoundMethod(Object(Illuminate\\Foundation\\Application), Array, Object(Closure))
#14 /Users/mymacc/Laravel/antriandukcapil/vendor/laravel/framework/src/Illuminate/Container/Container.php(662): Illuminate\\Container\\BoundMethod::call(Object(Illuminate\\Foundation\\Application), Array, Array, NULL)
#15 /Users/mymacc/Laravel/antriandukcapil/vendor/laravel/framework/src/Illuminate/Foundation/Application.php(1006): Illuminate\\Container\\Container->call(Array)
#16 /Users/mymacc/Laravel/antriandukcapil/vendor/laravel/framework/src/Illuminate/Foundation/Application.php(987): Illuminate\\Foundation\\Application->bootProvider(Object(App\\Providers\\AppServiceProvider))
#17 [internal function]: Illuminate\\Foundation\\Application->Illuminate\\Foundation\\{closure}(Object(App\\Providers\\AppServiceProvider), 24)
#18 /Users/mymacc/Laravel/antriandukcapil/vendor/laravel/framework/src/Illuminate/Foundation/Application.php(986): array_walk(Array, Object(Closure))
#19 /Users/mymacc/Laravel/antriandukcapil/vendor/laravel/framework/src/Illuminate/Foundation/Bootstrap/BootProviders.php(17): Illuminate\\Foundation\\Application->boot()
#20 /Users/mymacc/Laravel/antriandukcapil/vendor/laravel/framework/src/Illuminate/Foundation/Application.php(261): Illuminate\\Foundation\\Bootstrap\\BootProviders->bootstrap(Object(Illuminate\\Foundation\\Application))
#21 /Users/mymacc/Laravel/antriandukcapil/vendor/laravel/framework/src/Illuminate/Foundation/Console/Kernel.php(428): Illuminate\\Foundation\\Application->bootstrapWith(Array)
#22 /Users/mymacc/Laravel/antriandukcapil/vendor/laravel/framework/src/Illuminate/Foundation/Console/Kernel.php(198): Illuminate\\Foundation\\Console\\Kernel->bootstrap()
#23 /Users/mymacc/Laravel/antriandukcapil/artisan(35): Illuminate\\Foundation\\Console\\Kernel->handle(Object(Symfony\\Component\\Console\\Input\\ArgvInput), Object(Symfony\\Component\\Console\\Output\\ConsoleOutput))
#24 {main}

[previous exception] [object] (PDOException(code: 1045): SQLSTATE[HY000] [1045] Access denied for user 'root'@'localhost' (using password: NO) at /Users/mymacc/Laravel/antriandukcapil/vendor/laravel/framework/src/Illuminate/Database/Connectors/Connector.php:65)
[stacktrace]
#0 /Users/mymacc/Laravel/antriandukcapil/vendor/laravel/framework/src/Illuminate/Database/Connectors/Connector.php(65): PDO->__construct('mysql:host=127....', 'root', Object(SensitiveParameterValue), Array)
#1 /Users/mymacc/Laravel/antriandukcapil/vendor/laravel/framework/src/Illuminate/Database/Connectors/Connector.php(44): Illuminate\\Database\\Connectors\\Connector->createPdoConnection('mysql:host=127....', 'root', '', Array)
#2 /Users/mymacc/Laravel/antriandukcapil/vendor/laravel/framework/src/Illuminate/Database/Connectors/MySqlConnector.php(24): Illuminate\\Database\\Connectors\\Connector->createConnection('mysql:host=127....', Array, Array)
#3 /Users/mymacc/Laravel/antriandukcapil/vendor/laravel/framework/src/Illuminate/Database/Connectors/ConnectionFactory.php(184): Illuminate\\Database\\Connectors\\MySqlConnector->connect(Array)
#4 [internal function]: Illuminate\\Database\\Connectors\\ConnectionFactory->Illuminate\\Database\\Connectors\\{closure}()
#5 /Users/mymacc/Laravel/antriandukcapil/vendor/laravel/framework/src/Illuminate/Database/Connection.php(1210): call_user_func(Object(Closure))
#6 /Users/mymacc/Laravel/antriandukcapil/vendor/laravel/framework/src/Illuminate/Database/Connection.php(1246): Illuminate\\Database\\Connection->getPdo()
#7 /Users/mymacc/Laravel/antriandukcapil/vendor/laravel/framework/src/Illuminate/Database/Connection.php(519): Illuminate\\Database\\Connection->getReadPdo()
#8 /Users/mymacc/Laravel/antriandukcapil/vendor/laravel/framework/src/Illuminate/Database/Connection.php(414): Illuminate\\Database\\Connection->getPdoForSelect(true)
#9 /Users/mymacc/Laravel/antriandukcapil/vendor/laravel/framework/src/Illuminate/Database/Connection.php(786): Illuminate\\Database\\Connection->Illuminate\\Database\\{closure}('select * from `...', Array)
#10 /Users/mymacc/Laravel/antriandukcapil/vendor/laravel/framework/src/Illuminate/Database/Connection.php(753): Illuminate\\Database\\Connection->runQueryCallback('select * from `...', Array, Object(Closure))
#11 /Users/mymacc/Laravel/antriandukcapil/vendor/laravel/framework/src/Illuminate/Database/Connection.php(405): Illuminate\\Database\\Connection->run('select * from `...', Array, Object(Closure))
#12 /Users/mymacc/Laravel/antriandukcapil/vendor/laravel/framework/src/Illuminate/Database/Query/Builder.php(2718): Illuminate\\Database\\Connection->select('select * from `...', Array, true)
#13 /Users/mymacc/Laravel/antriandukcapil/vendor/laravel/framework/src/Illuminate/Database/Query/Builder.php(2707): Illuminate\\Database\\Query\\Builder->runSelect()
#14 /Users/mymacc/Laravel/antriandukcapil/vendor/laravel/framework/src/Illuminate/Database/Query/Builder.php(3248): Illuminate\\Database\\Query\\Builder->Illuminate\\Database\\Query\\{closure}()
#15 /Users/mymacc/Laravel/antriandukcapil/vendor/laravel/framework/src/Illuminate/Database/Query/Builder.php(2706): Illuminate\\Database\\Query\\Builder->onceWithColumns(Array, Object(Closure))
#16 /Users/mymacc/Laravel/antriandukcapil/vendor/laravel/framework/src/Illuminate/Database/Eloquent/Builder.php(717): Illuminate\\Database\\Query\\Builder->get(Array)
#17 /Users/mymacc/Laravel/antriandukcapil/vendor/laravel/framework/src/Illuminate/Database/Eloquent/Builder.php(701): Illuminate\\Database\\Eloquent\\Builder->getModels(Array)
#18 /Users/mymacc/Laravel/antriandukcapil/vendor/laravel/framework/src/Illuminate/Database/Eloquent/Model.php(674): Illuminate\\Database\\Eloquent\\Builder->get(Array)
#19 /Users/mymacc/Laravel/antriandukcapil/app/Providers/AppServiceProvider.php(24): Illuminate\\Database\\Eloquent\\Model::all()
#20 /Users/mymacc/Laravel/antriandukcapil/vendor/laravel/framework/src/Illuminate/Container/BoundMethod.php(36): App\\Providers\\AppServiceProvider->boot()
#21 /Users/mymacc/Laravel/antriandukcapil/vendor/laravel/framework/src/Illuminate/Container/Util.php(41): Illuminate\\Container\\BoundMethod::Illuminate\\Container\\{closure}()
#22 /Users/mymacc/Laravel/antriandukcapil/vendor/laravel/framework/src/Illuminate/Container/BoundMethod.php(93): Illuminate\\Container\\Util::unwrapIfClosure(Object(Closure))
#23 /Users/mymacc/Laravel/antriandukcapil/vendor/laravel/framework/src/Illuminate/Container/BoundMethod.php(35): Illuminate\\Container\\BoundMethod::callBoundMethod(Object(Illuminate\\Foundation\\Application), Array, Object(Closure))
#24 /Users/mymacc/Laravel/antriandukcapil/vendor/laravel/framework/src/Illuminate/Container/Container.php(662): Illuminate\\Container\\BoundMethod::call(Object(Illuminate\\Foundation\\Application), Array, Array, NULL)
#25 /Users/mymacc/Laravel/antriandukcapil/vendor/laravel/framework/src/Illuminate/Foundation/Application.php(1006): Illuminate\\Container\\Container->call(Array)
#26 /Users/mymacc/Laravel/antriandukcapil/vendor/laravel/framework/src/Illuminate/Foundation/Application.php(987): Illuminate\\Foundation\\Application->bootProvider(Object(App\\Providers\\AppServiceProvider))
#27 [internal function]: Illuminate\\Foundation\\Application->Illuminate\\Foundation\\{closure}(Object(App\\Providers\\AppServiceProvider), 24)
#28 /Users/mymacc/Laravel/antriandukcapil/vendor/laravel/framework/src/Illuminate/Foundation/Application.php(986): array_walk(Array, Object(Closure))
#29 /Users/mymacc/Laravel/antriandukcapil/vendor/laravel/framework/src/Illuminate/Foundation/Bootstrap/BootProviders.php(17): Illuminate\\Foundation\\Application->boot()
#30 /Users/mymacc/Laravel/antriandukcapil/vendor/laravel/framework/src/Illuminate/Foundation/Application.php(261): Illuminate\\Foundation\\Bootstrap\\BootProviders->bootstrap(Object(Illuminate\\Foundation\\Application))
#31 /Users/mymacc/Laravel/antriandukcapil/vendor/laravel/framework/src/Illuminate/Foundation/Console/Kernel.php(428): Illuminate\\Foundation\\Application->bootstrapWith(Array)
#32 /Users/mymacc/Laravel/antriandukcapil/vendor/laravel/framework/src/Illuminate/Foundation/Console/Kernel.php(198): Illuminate\\Foundation\\Console\\Kernel->bootstrap()
#33 /Users/mymacc/Laravel/antriandukcapil/artisan(35): Illuminate\\Foundation\\Console\\Kernel->handle(Object(Symfony\\Component\\Console\\Input\\ArgvInput), Object(Symfony\\Component\\Console\\Output\\ConsoleOutput))
#34 {main}
"} 
[2026-04-26 13:20:12] local.ERROR: SQLSTATE[HY000] [1045] Access denied for user 'root'@'localhost' (using password: NO) (Connection: mysql, SQL: select * from `antrians`) {"exception":"[object] (Illuminate\\Database\\QueryException(code: 1045): SQLSTATE[HY000] [1045] Access denied for user 'root'@'localhost' (using password: NO) (Connection: mysql, SQL: select * from `antrians`) at /Users/mymacc/Laravel/antriandukcapil/vendor/laravel/framework/src/Illuminate/Database/Connection.php:793)
[stacktrace]
#0 /Users/mymacc/Laravel/antriandukcapil/vendor/laravel/framework/src/Illuminate/Database/Connection.php(753): Illuminate\\Database\\Connection->runQueryCallback('select * from `...', Array, Object(Closure))
#1 /Users/mymacc/Laravel/antriandukcapil/vendor/laravel/framework/src/Illuminate/Database/Connection.php(405): Illuminate\\Database\\Connection->run('select * from `...', Array, Object(Closure))
#2 /Users/mymacc/Laravel/antriandukcapil/vendor/laravel/framework/src/Illuminate/Database/Query/Builder.php(2718): Illuminate\\Database\\Connection->select('select * from `...', Array, true)
#3 /Users/mymacc/Laravel/antriandukcapil/vendor/laravel/framework/src/Illuminate/Database/Query/Builder.php(2707): Illuminate\\Database\\Query\\Builder->runSelect()
#4 /Users/mymacc/Laravel/antriandukcapil/vendor/laravel/framework/src/Illuminate/Database/Query/Builder.php(3248): Illuminate\\Database\\Query\\Builder->Illuminate\\Database\\Query\\{closure}()
#5 /Users/mymacc/Laravel/antriandukcapil/vendor/laravel/framework/src/Illuminate/Database/Query/Builder.php(2706): Illuminate\\Database\\Query\\Builder->onceWithColumns(Array, Object(Closure))
#6 /Users/mymacc/Laravel/antriandukcapil/vendor/laravel/framework/src/Illuminate/Database/Eloquent/Builder.php(717): Illuminate\\Database\\Query\\Builder->get(Array)
#7 /Users/mymacc/Laravel/antriandukcapil/vendor/laravel/framework/src/Illuminate/Database/Eloquent/Builder.php(701): Illuminate\\Database\\Eloquent\\Builder->getModels(Array)
#8 /Users/mymacc/Laravel/antriandukcapil/vendor/laravel/framework/src/Illuminate/Database/Eloquent/Model.php(674): Illuminate\\Database\\Eloquent\\Builder->get(Array)
#9 /Users/mymacc/Laravel/antriandukcapil/app/Providers/AppServiceProvider.php(24): Illuminate\\Database\\Eloquent\\Model::all()
#10 /Users/mymacc/Laravel/antriandukcapil/vendor/laravel/framework/src/Illuminate/Container/BoundMethod.php(36): App\\Providers\\AppServiceProvider->boot()
#11 /Users/mymacc/Laravel/antriandukcapil/vendor/laravel/framework/src/Illuminate/Container/Util.php(41): Illuminate\\Container\\BoundMethod::Illuminate\\Container\\{closure}()
#12 /Users/mymacc/Laravel/antriandukcapil/vendor/laravel/framework/src/Illuminate/Container/BoundMethod.php(93): Illuminate\\Container\\Util::unwrapIfClosure(Object(Closure))
#13 /Users/mymacc/Laravel/antriandukcapil/vendor/laravel/framework/src/Illuminate/Container/BoundMethod.php(35): Illuminate\\Container\\BoundMethod::callBoundMethod(Object(Illuminate\\Foundation\\Application), Array, Object(Closure))
#14 /Users/mymacc/Laravel/antriandukcapil/vendor/laravel/framework/src/Illuminate/Container/Container.php(662): Illuminate\\Container\\BoundMethod::call(Object(Illuminate\\Foundation\\Application), Array, Array, NULL)
#15 /Users/mymacc/Laravel/antriandukcapil/vendor/laravel/framework/src/Illuminate/Foundation/Application.php(1006): Illuminate\\Container\\Container->call(Array)
#16 /Users/mymacc/Laravel/antriandukcapil/vendor/laravel/framework/src/Illuminate/Foundation/Application.php(987): Illuminate\\Foundation\\Application->bootProvider(Object(App\\Providers\\AppServiceProvider))
#17 [internal function]: Illuminate\\Foundation\\Application->Illuminate\\Foundation\\{closure}(Object(App\\Providers\\AppServiceProvider), 24)
#18 /Users/mymacc/Laravel/antriandukcapil/vendor/laravel/framework/src/Illuminate/Foundation/Application.php(986): array_walk(Array, Object(Closure))
#19 /Users/mymacc/Laravel/antriandukcapil/vendor/laravel/framework/src/Illuminate/Foundation/Bootstrap/BootProviders.php(17): Illuminate\\Foundation\\Application->boot()
#20 /Users/mymacc/Laravel/antriandukcapil/vendor/laravel/framework/src/Illuminate/Foundation/Application.php(261): Illuminate\\Foundation\\Bootstrap\\BootProviders->bootstrap(Object(Illuminate\\Foundation\\Application))
#21 /Users/mymacc/Laravel/antriandukcapil/vendor/laravel/framework/src/Illuminate/Foundation/Console/Kernel.php(428): Illuminate\\Foundation\\Application->bootstrapWith(Array)
#22 /Users/mymacc/Laravel/antriandukcapil/vendor/laravel/framework/src/Illuminate/Foundation/Console/Kernel.php(198): Illuminate\\Foundation\\Console\\Kernel->bootstrap()
#23 /Users/mymacc/Laravel/antriandukcapil/artisan(35): Illuminate\\Foundation\\Console\\Kernel->handle(Object(Symfony\\Component\\Console\\Input\\ArgvInput), Object(Symfony\\Component\\Console\\Output\\ConsoleOutput))
#24 {main}

[previous exception] [object] (PDOException(code: 1045): SQLSTATE[HY000] [1045] Access denied for user 'root'@'localhost' (using password: NO) at /Users/mymacc/Laravel/antriandukcapil/vendor/laravel/framework/src/Illuminate/Database/Connectors/Connector.php:65)
[stacktrace]
#0 /Users/mymacc/Laravel/antriandukcapil/vendor/laravel/framework/src/Illuminate/Database/Connectors/Connector.php(65): PDO->__construct('mysql:host=127....', 'root', Object(SensitiveParameterValue), Array)
#1 /Users/mymacc/Laravel/antriandukcapil/vendor/laravel/framework/src/Illuminate/Database/Connectors/Connector.php(44): Illuminate\\Database\\Connectors\\Connector->createPdoConnection('mysql:host=127....', 'root', '', Array)
#2 /Users/mymacc/Laravel/antriandukcapil/vendor/laravel/framework/src/Illuminate/Database/Connectors/MySqlConnector.php(24): Illuminate\\Database\\Connectors\\Connector->createConnection('mysql:host=127....', Array, Array)
#3 /Users/mymacc/Laravel/antriandukcapil/vendor/laravel/framework/src/Illuminate/Database/Connectors/ConnectionFactory.php(184): Illuminate\\Database\\Connectors\\MySqlConnector->connect(Array)
#4 [internal function]: Illuminate\\Database\\Connectors\\ConnectionFactory->Illuminate\\Database\\Connectors\\{closure}()
#5 /Users/mymacc/Laravel/antriandukcapil/vendor/laravel/framework/src/Illuminate/Database/Connection.php(1210): call_user_func(Object(Closure))
#6 /Users/mymacc/Laravel/antriandukcapil/vendor/laravel/framework/src/Illuminate/Database/Connection.php(1246): Illuminate\\Database\\Connection->getPdo()
#7 /Users/mymacc/Laravel/antriandukcapil/vendor/laravel/framework/src/Illuminate/Database/Connection.php(519): Illuminate\\Database\\Connection->getReadPdo()
#8 /Users/mymacc/Laravel/antriandukcapil/vendor/laravel/framework/src/Illuminate/Database/Connection.php(414): Illuminate\\Database\\Connection->getPdoForSelect(true)
#9 /Users/mymacc/Laravel/antriandukcapil/vendor/laravel/framework/src/Illuminate/Database/Connection.php(786): Illuminate\\Database\\Connection->Illuminate\\Database\\{closure}('select * from `...', Array)
#10 /Users/mymacc/Laravel/antriandukcapil/vendor/laravel/framework/src/Illuminate/Database/Connection.php(753): Illuminate\\Database\\Connection->runQueryCallback('select * from `...', Array, Object(Closure))
#11 /Users/mymacc/Laravel/antriandukcapil/vendor/laravel/framework/src/Illuminate/Database/Connection.php(405): Illuminate\\Database\\Connection->run('select * from `...', Array, Object(Closure))
#12 /Users/mymacc/Laravel/antriandukcapil/vendor/laravel/framework/src/Illuminate/Database/Query/Builder.php(2718): Illuminate\\Database\\Connection->select('select * from `...', Array, true)
#13 /Users/mymacc/Laravel/antriandukcapil/vendor/laravel/framework/src/Illuminate/Database/Query/Builder.php(2707): Illuminate\\Database\\Query\\Builder->runSelect()
#14 /Users/mymacc/Laravel/antriandukcapil/vendor/laravel/framework/src/Illuminate/Database/Query/Builder.php(3248): Illuminate\\Database\\Query\\Builder->Illuminate\\Database\\Query\\{closure}()
#15 /Users/mymacc/Laravel/antriandukcapil/vendor/laravel/framework/src/Illuminate/Database/Query/Builder.php(2706): Illuminate\\Database\\Query\\Builder->onceWithColumns(Array, Object(Closure))
#16 /Users/mymacc/Laravel/antriandukcapil/vendor/laravel/framework/src/Illuminate/Database/Eloquent/Builder.php(717): Illuminate\\Database\\Query\\Builder->get(Array)
#17 /Users/mymacc/Laravel/antriandukcapil/vendor/laravel/framework/src/Illuminate/Database/Eloquent/Builder.php(701): Illuminate\\Database\\Eloquent\\Builder->getModels(Array)
#18 /Users/mymacc/Laravel/antriandukcapil/vendor/laravel/framework/src/Illuminate/Database/Eloquent/Model.php(674): Illuminate\\Database\\Eloquent\\Builder->get(Array)
#19 /Users/mymacc/Laravel/antriandukcapil/app/Providers/AppServiceProvider.php(24): Illuminate\\Database\\Eloquent\\Model::all()
#20 /Users/mymacc/Laravel/antriandukcapil/vendor/laravel/framework/src/Illuminate/Container/BoundMethod.php(36): App\\Providers\\AppServiceProvider->boot()
#21 /Users/mymacc/Laravel/antriandukcapil/vendor/laravel/framework/src/Illuminate/Container/Util.php(41): Illuminate\\Container\\BoundMethod::Illuminate\\Container\\{closure}()
#22 /Users/mymacc/Laravel/antriandukcapil/vendor/laravel/framework/src/Illuminate/Container/BoundMethod.php(93): Illuminate\\Container\\Util::unwrapIfClosure(Object(Closure))
#23 /Users/mymacc/Laravel/antriandukcapil/vendor/laravel/framework/src/Illuminate/Container/BoundMethod.php(35): Illuminate\\Container\\BoundMethod::callBoundMethod(Object(Illuminate\\Foundation\\Application), Array, Object(Closure))
#24 /Users/mymacc/Laravel/antriandukcapil/vendor/laravel/framework/src/Illuminate/Container/Container.php(662): Illuminate\\Container\\BoundMethod::call(Object(Illuminate\\Foundation\\Application), Array, Array, NULL)
#25 /Users/mymacc/Laravel/antriandukcapil/vendor/laravel/framework/src/Illuminate/Foundation/Application.php(1006): Illuminate\\Container\\Container->call(Array)
#26 /Users/mymacc/Laravel/antriandukcapil/vendor/laravel/framework/src/Illuminate/Foundation/Application.php(987): Illuminate\\Foundation\\Application->bootProvider(Object(App\\Providers\\AppServiceProvider))
#27 [internal function]: Illuminate\\Foundation\\Application->Illuminate\\Foundation\\{closure}(Object(App\\Providers\\AppServiceProvider), 24)
#28 /Users/mymacc/Laravel/antriandukcapil/vendor/laravel/framework/src/Illuminate/Foundation/Application.php(986): array_walk(Array, Object(Closure))
#29 /Users/mymacc/Laravel/antriandukcapil/vendor/laravel/framework/src/Illuminate/Foundation/Bootstrap/BootProviders.php(17): Illuminate\\Foundation\\Application->boot()
#30 /Users/mymacc/Laravel/antriandukcapil/vendor/laravel/framework/src/Illuminate/Foundation/Application.php(261): Illuminate\\Foundation\\Bootstrap\\BootProviders->bootstrap(Object(Illuminate\\Foundation\\Application))
#31 /Users/mymacc/Laravel/antriandukcapil/vendor/laravel/framework/src/Illuminate/Foundation/Console/Kernel.php(428): Illuminate\\Foundation\\Application->bootstrapWith(Array)
#32 /Users/mymacc/Laravel/antriandukcapil/vendor/laravel/framework/src/Illuminate/Foundation/Console/Kernel.php(198): Illuminate\\Foundation\\Console\\Kernel->bootstrap()
#33 /Users/mymacc/Laravel/antriandukcapil/artisan(35): Illuminate\\Foundation\\Console\\Kernel->handle(Object(Symfony\\Component\\Console\\Input\\ArgvInput), Object(Symfony\\Component\\Console\\Output\\ConsoleOutput))
#34 {main}
"} 
[2026-04-26 13:20:27] local.ERROR: SQLSTATE[HY000] [1045] Access denied for user 'root'@'localhost' (using password: NO) (Connection: mysql, SQL: select * from `antrians`) {"exception":"[object] (Illuminate\\Database\\QueryException(code: 1045): SQLSTATE[HY000] [1045] Access denied for user 'root'@'localhost' (using password: NO) (Connection: mysql, SQL: select * from `antrians`) at /Users/mymacc/Laravel/antriandukcapil/vendor/laravel/framework/src/Illuminate/Database/Connection.php:793)
[stacktrace]
#0 /Users/mymacc/Laravel/antriandukcapil/vendor/laravel/framework/src/Illuminate/Database/Connection.php(753): Illuminate\\Database\\Connection->runQueryCallback('select * from `...', Array, Object(Closure))
#1 /Users/mymacc/Laravel/antriandukcapil/vendor/laravel/framework/src/Illuminate/Database/Connection.php(405): Illuminate\\Database\\Connection->run('select * from `...', Array, Object(Closure))
#2 /Users/mymacc/Laravel/antriandukcapil/vendor/laravel/framework/src/Illuminate/Database/Query/Builder.php(2718): Illuminate\\Database\\Connection->select('select * from `...', Array, true)
#3 /Users/mymacc/Laravel/antriandukcapil/vendor/laravel/framework/src/Illuminate/Database/Query/Builder.php(2707): Illuminate\\Database\\Query\\Builder->runSelect()
#4 /Users/mymacc/Laravel/antriandukcapil/vendor/laravel/framework/src/Illuminate/Database/Query/Builder.php(3248): Illuminate\\Database\\Query\\Builder->Illuminate\\Database\\Query\\{closure}()
#5 /Users/mymacc/Laravel/antriandukcapil/vendor/laravel/framework/src/Illuminate/Database/Query/Builder.php(2706): Illuminate\\Database\\Query\\Builder->onceWithColumns(Array, Object(Closure))
#6 /Users/mymacc/Laravel/antriandukcapil/vendor/laravel/framework/src/Illuminate/Database/Eloquent/Builder.php(717): Illuminate\\Database\\Query\\Builder->get(Array)
#7 /Users/mymacc/Laravel/antriandukcapil/vendor/laravel/framework/src/Illuminate/Database/Eloquent/Builder.php(701): Illuminate\\Database\\Eloquent\\Builder->getModels(Array)
#8 /Users/mymacc/Laravel/antriandukcapil/vendor/laravel/framework/src/Illuminate/Database/Eloquent/Model.php(674): Illuminate\\Database\\Eloquent\\Builder->get(Array)
#9 /Users/mymacc/Laravel/antriandukcapil/app/Providers/AppServiceProvider.php(24): Illuminate\\Database\\Eloquent\\Model::all()
#10 /Users/mymacc/Laravel/antriandukcapil/vendor/laravel/framework/src/Illuminate/Container/BoundMethod.php(36): App\\Providers\\AppServiceProvider->boot()
#11 /Users/mymacc/Laravel/antriandukcapil/vendor/laravel/framework/src/Illuminate/Container/Util.php(41): Illuminate\\Container\\BoundMethod::Illuminate\\Container\\{closure}()
#12 /Users/mymacc/Laravel/antriandukcapil/vendor/laravel/framework/src/Illuminate/Container/BoundMethod.php(93): Illuminate\\Container\\Util::unwrapIfClosure(Object(Closure))
#13 /Users/mymacc/Laravel/antriandukcapil/vendor/laravel/framework/src/Illuminate/Container/BoundMethod.php(35): Illuminate\\Container\\BoundMethod::callBoundMethod(Object(Illuminate\\Foundation\\Application), Array, Object(Closure))
#14 /Users/mymacc/Laravel/antriandukcapil/vendor/laravel/framework/src/Illuminate/Container/Container.php(662): Illuminate\\Container\\BoundMethod::call(Object(Illuminate\\Foundation\\Application), Array, Array, NULL)
#15 /Users/mymacc/Laravel/antriandukcapil/vendor/laravel/framework/src/Illuminate/Foundation/Application.php(1006): Illuminate\\Container\\Container->call(Array)
#16 /Users/mymacc/Laravel/antriandukcapil/vendor/laravel/framework/src/Illuminate/Foundation/Application.php(987): Illuminate\\Foundation\\Application->bootProvider(Object(App\\Providers\\AppServiceProvider))
#17 [internal function]: Illuminate\\Foundation\\Application->Illuminate\\Foundation\\{closure}(Object(App\\Providers\\AppServiceProvider), 24)
#18 /Users/mymacc/Laravel/antriandukcapil/vendor/laravel/framework/src/Illuminate/Foundation/Application.php(986): array_walk(Array, Object(Closure))
#19 /Users/mymacc/Laravel/antriandukcapil/vendor/laravel/framework/src/Illuminate/Foundation/Bootstrap/BootProviders.php(17): Illuminate\\Foundation\\Application->boot()
#20 /Users/mymacc/Laravel/antriandukcapil/vendor/laravel/framework/src/Illuminate/Foundation/Application.php(261): Illuminate\\Foundation\\Bootstrap\\BootProviders->bootstrap(Object(Illuminate\\Foundation\\Application))
#21 /Users/mymacc/Laravel/antriandukcapil/vendor/laravel/framework/src/Illuminate/Foundation/Console/Kernel.php(428): Illuminate\\Foundation\\Application->bootstrapWith(Array)
#22 /Users/mymacc/Laravel/antriandukcapil/vendor/laravel/framework/src/Illuminate/Foundation/Console/Kernel.php(198): Illuminate\\Foundation\\Console\\Kernel->bootstrap()
#23 /Users/mymacc/Laravel/antriandukcapil/artisan(35): Illuminate\\Foundation\\Console\\Kernel->handle(Object(Symfony\\Component\\Console\\Input\\ArgvInput), Object(Symfony\\Component\\Console\\Output\\ConsoleOutput))
#24 {main}

[previous exception] [object] (PDOException(code: 1045): SQLSTATE[HY000] [1045] Access denied for user 'root'@'localhost' (using password: NO) at /Users/mymacc/Laravel/antriandukcapil/vendor/laravel/framework/src/Illuminate/Database/Connectors/Connector.php:65)
[stacktrace]
#0 /Users/mymacc/Laravel/antriandukcapil/vendor/laravel/framework/src/Illuminate/Database/Connectors/Connector.php(65): PDO->__construct('mysql:host=127....', 'root', Object(SensitiveParameterValue), Array)
#1 /Users/mymacc/Laravel/antriandukcapil/vendor/laravel/framework/src/Illuminate/Database/Connectors/Connector.php(44): Illuminate\\Database\\Connectors\\Connector->createPdoConnection('mysql:host=127....', 'root', '', Array)
#2 /Users/mymacc/Laravel/antriandukcapil/vendor/laravel/framework/src/Illuminate/Database/Connectors/MySqlConnector.php(24): Illuminate\\Database\\Connectors\\Connector->createConnection('mysql:host=127....', Array, Array)
#3 /Users/mymacc/Laravel/antriandukcapil/vendor/laravel/framework/src/Illuminate/Database/Connectors/ConnectionFactory.php(184): Illuminate\\Database\\Connectors\\MySqlConnector->connect(Array)
#4 [internal function]: Illuminate\\Database\\Connectors\\ConnectionFactory->Illuminate\\Database\\Connectors\\{closure}()
#5 /Users/mymacc/Laravel/antriandukcapil/vendor/laravel/framework/src/Illuminate/Database/Connection.php(1210): call_user_func(Object(Closure))
#6 /Users/mymacc/Laravel/antriandukcapil/vendor/laravel/framework/src/Illuminate/Database/Connection.php(1246): Illuminate\\Database\\Connection->getPdo()
#7 /Users/mymacc/Laravel/antriandukcapil/vendor/laravel/framework/src/Illuminate/Database/Connection.php(519): Illuminate\\Database\\Connection->getReadPdo()
#8 /Users/mymacc/Laravel/antriandukcapil/vendor/laravel/framework/src/Illuminate/Database/Connection.php(414): Illuminate\\Database\\Connection->getPdoForSelect(true)
#9 /Users/mymacc/Laravel/antriandukcapil/vendor/laravel/framework/src/Illuminate/Database/Connection.php(786): Illuminate\\Database\\Connection->Illuminate\\Database\\{closure}('select * from `...', Array)
#10 /Users/mymacc/Laravel/antriandukcapil/vendor/laravel/framework/src/Illuminate/Database/Connection.php(753): Illuminate\\Database\\Connection->runQueryCallback('select * from `...', Array, Object(Closure))
#11 /Users/mymacc/Laravel/antriandukcapil/vendor/laravel/framework/src/Illuminate/Database/Connection.php(405): Illuminate\\Database\\Connection->run('select * from `...', Array, Object(Closure))
#12 /Users/mymacc/Laravel/antriandukcapil/vendor/laravel/framework/src/Illuminate/Database/Query/Builder.php(2718): Illuminate\\Database\\Connection->select('select * from `...', Array, true)
#13 /Users/mymacc/Laravel/antriandukcapil/vendor/laravel/framework/src/Illuminate/Database/Query/Builder.php(2707): Illuminate\\Database\\Query\\Builder->runSelect()
#14 /Users/mymacc/Laravel/antriandukcapil/vendor/laravel/framework/src/Illuminate/Database/Query/Builder.php(3248): Illuminate\\Database\\Query\\Builder->Illuminate\\Database\\Query\\{closure}()
#15 /Users/mymacc/Laravel/antriandukcapil/vendor/laravel/framework/src/Illuminate/Database/Query/Builder.php(2706): Illuminate\\Database\\Query\\Builder->onceWithColumns(Array, Object(Closure))
#16 /Users/mymacc/Laravel/antriandukcapil/vendor/laravel/framework/src/Illuminate/Database/Eloquent/Builder.php(717): Illuminate\\Database\\Query\\Builder->get(Array)
#17 /Users/mymacc/Laravel/antriandukcapil/vendor/laravel/framework/src/Illuminate/Database/Eloquent/Builder.php(701): Illuminate\\Database\\Eloquent\\Builder->getModels(Array)
#18 /Users/mymacc/Laravel/antriandukcapil/vendor/laravel/framework/src/Illuminate/Database/Eloquent/Model.php(674): Illuminate\\Database\\Eloquent\\Builder->get(Array)
#19 /Users/mymacc/Laravel/antriandukcapil/app/Providers/AppServiceProvider.php(24): Illuminate\\Database\\Eloquent\\Model::all()
#20 /Users/mymacc/Laravel/antriandukcapil/vendor/laravel/framework/src/Illuminate/Container/BoundMethod.php(36): App\\Providers\\AppServiceProvider->boot()
#21 /Users/mymacc/Laravel/antriandukcapil/vendor/laravel/framework/src/Illuminate/Container/Util.php(41): Illuminate\\Container\\BoundMethod::Illuminate\\Container\\{closure}()
#22 /Users/mymacc/Laravel/antriandukcapil/vendor/laravel/framework/src/Illuminate/Container/BoundMethod.php(93): Illuminate\\Container\\Util::unwrapIfClosure(Object(Closure))
#23 /Users/mymacc/Laravel/antriandukcapil/vendor/laravel/framework/src/Illuminate/Container/BoundMethod.php(35): Illuminate\\Container\\BoundMethod::callBoundMethod(Object(Illuminate\\Foundation\\Application), Array, Object(Closure))
#24 /Users/mymacc/Laravel/antriandukcapil/vendor/laravel/framework/src/Illuminate/Container/Container.php(662): Illuminate\\Container\\BoundMethod::call(Object(Illuminate\\Foundation\\Application), Array, Array, NULL)
#25 /Users/mymacc/Laravel/antriandukcapil/vendor/laravel/framework/src/Illuminate/Foundation/Application.php(1006): Illuminate\\Container\\Container->call(Array)
#26 /Users/mymacc/Laravel/antriandukcapil/vendor/laravel/framework/src/Illuminate/Foundation/Application.php(987): Illuminate\\Foundation\\Application->bootProvider(Object(App\\Providers\\AppServiceProvider))
#27 [internal function]: Illuminate\\Foundation\\Application->Illuminate\\Foundation\\{closure}(Object(App\\Providers\\AppServiceProvider), 24)
#28 /Users/mymacc/Laravel/antriandukcapil/vendor/laravel/framework/src/Illuminate/Foundation/Application.php(986): array_walk(Array, Object(Closure))
#29 /Users/mymacc/Laravel/antriandukcapil/vendor/laravel/framework/src/Illuminate/Foundation/Bootstrap/BootProviders.php(17): Illuminate\\Foundation\\Application->boot()
#30 /Users/mymacc/Laravel/antriandukcapil/vendor/laravel/framework/src/Illuminate/Foundation/Application.php(261): Illuminate\\Foundation\\Bootstrap\\BootProviders->bootstrap(Object(Illuminate\\Foundation\\Application))
#31 /Users/mymacc/Laravel/antriandukcapil/vendor/laravel/framework/src/Illuminate/Foundation/Console/Kernel.php(428): Illuminate\\Foundation\\Application->bootstrapWith(Array)
#32 /Users/mymacc/Laravel/antriandukcapil/vendor/laravel/framework/src/Illuminate/Foundation/Console/Kernel.php(198): Illuminate\\Foundation\\Console\\Kernel->bootstrap()
#33 /Users/mymacc/Laravel/antriandukcapil/artisan(35): Illuminate\\Foundation\\Console\\Kernel->handle(Object(Symfony\\Component\\Console\\Input\\ArgvInput), Object(Symfony\\Component\\Console\\Output\\ConsoleOutput))
#34 {main}
"} 
[2026-04-26 13:21:20] local.ERROR: SQLSTATE[HY000] [1045] Access denied for user 'root'@'localhost' (using password: NO) (Connection: mysql, SQL: select * from `antrians`) {"exception":"[object] (Illuminate\\Database\\QueryException(code: 1045): SQLSTATE[HY000] [1045] Access denied for user 'root'@'localhost' (using password: NO) (Connection: mysql, SQL: select * from `antrians`) at /Users/mymacc/Laravel/antriandukcapil/vendor/laravel/framework/src/Illuminate/Database/Connection.php:793)
[stacktrace]
#0 /Users/mymacc/Laravel/antriandukcapil/vendor/laravel/framework/src/Illuminate/Database/Connection.php(753): Illuminate\\Database\\Connection->runQueryCallback('select * from `...', Array, Object(Closure))
#1 /Users/mymacc/Laravel/antriandukcapil/vendor/laravel/framework/src/Illuminate/Database/Connection.php(405): Illuminate\\Database\\Connection->run('select * from `...', Array, Object(Closure))
#2 /Users/mymacc/Laravel/antriandukcapil/vendor/laravel/framework/src/Illuminate/Database/Query/Builder.php(2718): Illuminate\\Database\\Connection->select('select * from `...', Array, true)
#3 /Users/mymacc/Laravel/antriandukcapil/vendor/laravel/framework/src/Illuminate/Database/Query/Builder.php(2707): Illuminate\\Database\\Query\\Builder->runSelect()
#4 /Users/mymacc/Laravel/antriandukcapil/vendor/laravel/framework/src/Illuminate/Database/Query/Builder.php(3248): Illuminate\\Database\\Query\\Builder->Illuminate\\Database\\Query\\{closure}()
#5 /Users/mymacc/Laravel/antriandukcapil/vendor/laravel/framework/src/Illuminate/Database/Query/Builder.php(2706): Illuminate\\Database\\Query\\Builder->onceWithColumns(Array, Object(Closure))
#6 /Users/mymacc/Laravel/antriandukcapil/vendor/laravel/framework/src/Illuminate/Database/Eloquent/Builder.php(717): Illuminate\\Database\\Query\\Builder->get(Array)
#7 /Users/mymacc/Laravel/antriandukcapil/vendor/laravel/framework/src/Illuminate/Database/Eloquent/Builder.php(701): Illuminate\\Database\\Eloquent\\Builder->getModels(Array)
#8 /Users/mymacc/Laravel/antriandukcapil/vendor/laravel/framework/src/Illuminate/Database/Eloquent/Model.php(674): Illuminate\\Database\\Eloquent\\Builder->get(Array)
#9 /Users/mymacc/Laravel/antriandukcapil/app/Providers/AppServiceProvider.php(24): Illuminate\\Database\\Eloquent\\Model::all()
#10 /Users/mymacc/Laravel/antriandukcapil/vendor/laravel/framework/src/Illuminate/Container/BoundMethod.php(36): App\\Providers\\AppServiceProvider->boot()
#11 /Users/mymacc/Laravel/antriandukcapil/vendor/laravel/framework/src/Illuminate/Container/Util.php(41): Illuminate\\Container\\BoundMethod::Illuminate\\Container\\{closure}()
#12 /Users/mymacc/Laravel/antriandukcapil/vendor/laravel/framework/src/Illuminate/Container/BoundMethod.php(93): Illuminate\\Container\\Util::unwrapIfClosure(Object(Closure))
#13 /Users/mymacc/Laravel/antriandukcapil/vendor/laravel/framework/src/Illuminate/Container/BoundMethod.php(35): Illuminate\\Container\\BoundMethod::callBoundMethod(Object(Illuminate\\Foundation\\Application), Array, Object(Closure))
#14 /Users/mymacc/Laravel/antriandukcapil/vendor/laravel/framework/src/Illuminate/Container/Container.php(662): Illuminate\\Container\\BoundMethod::call(Object(Illuminate\\Foundation\\Application), Array, Array, NULL)
#15 /Users/mymacc/Laravel/antriandukcapil/vendor/laravel/framework/src/Illuminate/Foundation/Application.php(1006): Illuminate\\Container\\Container->call(Array)
#16 /Users/mymacc/Laravel/antriandukcapil/vendor/laravel/framework/src/Illuminate/Foundation/Application.php(987): Illuminate\\Foundation\\Application->bootProvider(Object(App\\Providers\\AppServiceProvider))
#17 [internal function]: Illuminate\\Foundation\\Application->Illuminate\\Foundation\\{closure}(Object(App\\Providers\\AppServiceProvider), 24)
#18 /Users/mymacc/Laravel/antriandukcapil/vendor/laravel/framework/src/Illuminate/Foundation/Application.php(986): array_walk(Array, Object(Closure))
#19 /Users/mymacc/Laravel/antriandukcapil/vendor/laravel/framework/src/Illuminate/Foundation/Bootstrap/BootProviders.php(17): Illuminate\\Foundation\\Application->boot()
#20 /Users/mymacc/Laravel/antriandukcapil/vendor/laravel/framework/src/Illuminate/Foundation/Application.php(261): Illuminate\\Foundation\\Bootstrap\\BootProviders->bootstrap(Object(Illuminate\\Foundation\\Application))
#21 /Users/mymacc/Laravel/antriandukcapil/vendor/laravel/framework/src/Illuminate/Foundation/Console/Kernel.php(428): Illuminate\\Foundation\\Application->bootstrapWith(Array)
#22 /Users/mymacc/Laravel/antriandukcapil/vendor/laravel/framework/src/Illuminate/Foundation/Console/Kernel.php(198): Illuminate\\Foundation\\Console\\Kernel->bootstrap()
#23 /Users/mymacc/Laravel/antriandukcapil/artisan(35): Illuminate\\Foundation\\Console\\Kernel->handle(Object(Symfony\\Component\\Console\\Input\\ArgvInput), Object(Symfony\\Component\\Console\\Output\\ConsoleOutput))
#24 {main}

[previous exception] [object] (PDOException(code: 1045): SQLSTATE[HY000] [1045] Access denied for user 'root'@'localhost' (using password: NO) at /Users/mymacc/Laravel/antriandukcapil/vendor/laravel/framework/src/Illuminate/Database/Connectors/Connector.php:65)
[stacktrace]
#0 /Users/mymacc/Laravel/antriandukcapil/vendor/laravel/framework/src/Illuminate/Database/Connectors/Connector.php(65): PDO->__construct('mysql:host=127....', 'root', Object(SensitiveParameterValue), Array)
#1 /Users/mymacc/Laravel/antriandukcapil/vendor/laravel/framework/src/Illuminate/Database/Connectors/Connector.php(44): Illuminate\\Database\\Connectors\\Connector->createPdoConnection('mysql:host=127....', 'root', '', Array)
#2 /Users/mymacc/Laravel/antriandukcapil/vendor/laravel/framework/src/Illuminate/Database/Connectors/MySqlConnector.php(24): Illuminate\\Database\\Connectors\\Connector->createConnection('mysql:host=127....', Array, Array)
#3 /Users/mymacc/Laravel/antriandukcapil/vendor/laravel/framework/src/Illuminate/Database/Connectors/ConnectionFactory.php(184): Illuminate\\Database\\Connectors\\MySqlConnector->connect(Array)
#4 [internal function]: Illuminate\\Database\\Connectors\\ConnectionFactory->Illuminate\\Database\\Connectors\\{closure}()
#5 /Users/mymacc/Laravel/antriandukcapil/vendor/laravel/framework/src/Illuminate/Database/Connection.php(1210): call_user_func(Object(Closure))
#6 /Users/mymacc/Laravel/antriandukcapil/vendor/laravel/framework/src/Illuminate/Database/Connection.php(1246): Illuminate\\Database\\Connection->getPdo()
#7 /Users/mymacc/Laravel/antriandukcapil/vendor/laravel/framework/src/Illuminate/Database/Connection.php(519): Illuminate\\Database\\Connection->getReadPdo()
#8 /Users/mymacc/Laravel/antriandukcapil/vendor/laravel/framework/src/Illuminate/Database/Connection.php(414): Illuminate\\Database\\Connection->getPdoForSelect(true)
#9 /Users/mymacc/Laravel/antriandukcapil/vendor/laravel/framework/src/Illuminate/Database/Connection.php(786): Illuminate\\Database\\Connection->Illuminate\\Database\\{closure}('select * from `...', Array)
#10 /Users/mymacc/Laravel/antriandukcapil/vendor/laravel/framework/src/Illuminate/Database/Connection.php(753): Illuminate\\Database\\Connection->runQueryCallback('select * from `...', Array, Object(Closure))
#11 /Users/mymacc/Laravel/antriandukcapil/vendor/laravel/framework/src/Illuminate/Database/Connection.php(405): Illuminate\\Database\\Connection->run('select * from `...', Array, Object(Closure))
#12 /Users/mymacc/Laravel/antriandukcapil/vendor/laravel/framework/src/Illuminate/Database/Query/Builder.php(2718): Illuminate\\Database\\Connection->select('select * from `...', Array, true)
#13 /Users/mymacc/Laravel/antriandukcapil/vendor/laravel/framework/src/Illuminate/Database/Query/Builder.php(2707): Illuminate\\Database\\Query\\Builder->runSelect()
#14 /Users/mymacc/Laravel/antriandukcapil/vendor/laravel/framework/src/Illuminate/Database/Query/Builder.php(3248): Illuminate\\Database\\Query\\Builder->Illuminate\\Database\\Query\\{closure}()
#15 /Users/mymacc/Laravel/antriandukcapil/vendor/laravel/framework/src/Illuminate/Database/Query/Builder.php(2706): Illuminate\\Database\\Query\\Builder->onceWithColumns(Array, Object(Closure))
#16 /Users/mymacc/Laravel/antriandukcapil/vendor/laravel/framework/src/Illuminate/Database/Eloquent/Builder.php(717): Illuminate\\Database\\Query\\Builder->get(Array)
#17 /Users/mymacc/Laravel/antriandukcapil/vendor/laravel/framework/src/Illuminate/Database/Eloquent/Builder.php(701): Illuminate\\Database\\Eloquent\\Builder->getModels(Array)
#18 /Users/mymacc/Laravel/antriandukcapil/vendor/laravel/framework/src/Illuminate/Database/Eloquent/Model.php(674): Illuminate\\Database\\Eloquent\\Builder->get(Array)
#19 /Users/mymacc/Laravel/antriandukcapil/app/Providers/AppServiceProvider.php(24): Illuminate\\Database\\Eloquent\\Model::all()
#20 /Users/mymacc/Laravel/antriandukcapil/vendor/laravel/framework/src/Illuminate/Container/BoundMethod.php(36): App\\Providers\\AppServiceProvider->boot()
#21 /Users/mymacc/Laravel/antriandukcapil/vendor/laravel/framework/src/Illuminate/Container/Util.php(41): Illuminate\\Container\\BoundMethod::Illuminate\\Container\\{closure}()
#22 /Users/mymacc/Laravel/antriandukcapil/vendor/laravel/framework/src/Illuminate/Container/BoundMethod.php(93): Illuminate\\Container\\Util::unwrapIfClosure(Object(Closure))
#23 /Users/mymacc/Laravel/antriandukcapil/vendor/laravel/framework/src/Illuminate/Container/BoundMethod.php(35): Illuminate\\Container\\BoundMethod::callBoundMethod(Object(Illuminate\\Foundation\\Application), Array, Object(Closure))
#24 /Users/mymacc/Laravel/antriandukcapil/vendor/laravel/framework/src/Illuminate/Container/Container.php(662): Illuminate\\Container\\BoundMethod::call(Object(Illuminate\\Foundation\\Application), Array, Array, NULL)
#25 /Users/mymacc/Laravel/antriandukcapil/vendor/laravel/framework/src/Illuminate/Foundation/Application.php(1006): Illuminate\\Container\\Container->call(Array)
#26 /Users/mymacc/Laravel/antriandukcapil/vendor/laravel/framework/src/Illuminate/Foundation/Application.php(987): Illuminate\\Foundation\\Application->bootProvider(Object(App\\Providers\\AppServiceProvider))
#27 [internal function]: Illuminate\\Foundation\\Application->Illuminate\\Foundation\\{closure}(Object(App\\Providers\\AppServiceProvider), 24)
#28 /Users/mymacc/Laravel/antriandukcapil/vendor/laravel/framework/src/Illuminate/Foundation/Application.php(986): array_walk(Array, Object(Closure))
#29 /Users/mymacc/Laravel/antriandukcapil/vendor/laravel/framework/src/Illuminate/Foundation/Bootstrap/BootProviders.php(17): Illuminate\\Foundation\\Application->boot()
#30 /Users/mymacc/Laravel/antriandukcapil/vendor/laravel/framework/src/Illuminate/Foundation/Application.php(261): Illuminate\\Foundation\\Bootstrap\\BootProviders->bootstrap(Object(Illuminate\\Foundation\\Application))
#31 /Users/mymacc/Laravel/antriandukcapil/vendor/laravel/framework/src/Illuminate/Foundation/Console/Kernel.php(428): Illuminate\\Foundation\\Application->bootstrapWith(Array)
#32 /Users/mymacc/Laravel/antriandukcapil/vendor/laravel/framework/src/Illuminate/Foundation/Console/Kernel.php(198): Illuminate\\Foundation\\Console\\Kernel->bootstrap()
#33 /Users/mymacc/Laravel/antriandukcapil/artisan(35): Illuminate\\Foundation\\Console\\Kernel->handle(Object(Symfony\\Component\\Console\\Input\\ArgvInput), Object(Symfony\\Component\\Console\\Output\\ConsoleOutput))
#34 {main}
"} 
[2026-04-26 13:27:40] local.ERROR: SQLSTATE[HY000] [1045] Access denied for user 'root'@'localhost' (using password: NO) (Connection: mysql, SQL: select * from `antrians`) {"exception":"[object] (Illuminate\\Database\\QueryException(code: 1045): SQLSTATE[HY000] [1045] Access denied for user 'root'@'localhost' (using password: NO) (Connection: mysql, SQL: select * from `antrians`) at /Users/mymacc/Laravel/antriandukcapil/vendor/laravel/framework/src/Illuminate/Database/Connection.php:793)
[stacktrace]
#0 /Users/mymacc/Laravel/antriandukcapil/vendor/laravel/framework/src/Illuminate/Database/Connection.php(753): Illuminate\\Database\\Connection->runQueryCallback('select * from `...', Array, Object(Closure))
#1 /Users/mymacc/Laravel/antriandukcapil/vendor/laravel/framework/src/Illuminate/Database/Connection.php(405): Illuminate\\Database\\Connection->run('select * from `...', Array, Object(Closure))
#2 /Users/mymacc/Laravel/antriandukcapil/vendor/laravel/framework/src/Illuminate/Database/Query/Builder.php(2718): Illuminate\\Database\\Connection->select('select * from `...', Array, true)
#3 /Users/mymacc/Laravel/antriandukcapil/vendor/laravel/framework/src/Illuminate/Database/Query/Builder.php(2707): Illuminate\\Database\\Query\\Builder->runSelect()
#4 /Users/mymacc/Laravel/antriandukcapil/vendor/laravel/framework/src/Illuminate/Database/Query/Builder.php(3248): Illuminate\\Database\\Query\\Builder->Illuminate\\Database\\Query\\{closure}()
#5 /Users/mymacc/Laravel/antriandukcapil/vendor/laravel/framework/src/Illuminate/Database/Query/Builder.php(2706): Illuminate\\Database\\Query\\Builder->onceWithColumns(Array, Object(Closure))
#6 /Users/mymacc/Laravel/antriandukcapil/vendor/laravel/framework/src/Illuminate/Database/Eloquent/Builder.php(717): Illuminate\\Database\\Query\\Builder->get(Array)
#7 /Users/mymacc/Laravel/antriandukcapil/vendor/laravel/framework/src/Illuminate/Database/Eloquent/Builder.php(701): Illuminate\\Database\\Eloquent\\Builder->getModels(Array)
#8 /Users/mymacc/Laravel/antriandukcapil/vendor/laravel/framework/src/Illuminate/Database/Eloquent/Model.php(674): Illuminate\\Database\\Eloquent\\Builder->get(Array)
#9 /Users/mymacc/Laravel/antriandukcapil/app/Providers/AppServiceProvider.php(24): Illuminate\\Database\\Eloquent\\Model::all()
#10 /Users/mymacc/Laravel/antriandukcapil/vendor/laravel/framework/src/Illuminate/Container/BoundMethod.php(36): App\\Providers\\AppServiceProvider->boot()
#11 /Users/mymacc/Laravel/antriandukcapil/vendor/laravel/framework/src/Illuminate/Container/Util.php(41): Illuminate\\Container\\BoundMethod::Illuminate\\Container\\{closure}()
#12 /Users/mymacc/Laravel/antriandukcapil/vendor/laravel/framework/src/Illuminate/Container/BoundMethod.php(93): Illuminate\\Container\\Util::unwrapIfClosure(Object(Closure))
#13 /Users/mymacc/Laravel/antriandukcapil/vendor/laravel/framework/src/Illuminate/Container/BoundMethod.php(35): Illuminate\\Container\\BoundMethod::callBoundMethod(Object(Illuminate\\Foundation\\Application), Array, Object(Closure))
#14 /Users/mymacc/Laravel/antriandukcapil/vendor/laravel/framework/src/Illuminate/Container/Container.php(662): Illuminate\\Container\\BoundMethod::call(Object(Illuminate\\Foundation\\Application), Array, Array, NULL)
#15 /Users/mymacc/Laravel/antriandukcapil/vendor/laravel/framework/src/Illuminate/Foundation/Application.php(1006): Illuminate\\Container\\Container->call(Array)
#16 /Users/mymacc/Laravel/antriandukcapil/vendor/laravel/framework/src/Illuminate/Foundation/Application.php(987): Illuminate\\Foundation\\Application->bootProvider(Object(App\\Providers\\AppServiceProvider))
#17 [internal function]: Illuminate\\Foundation\\Application->Illuminate\\Foundation\\{closure}(Object(App\\Providers\\AppServiceProvider), 24)
#18 /Users/mymacc/Laravel/antriandukcapil/vendor/laravel/framework/src/Illuminate/Foundation/Application.php(986): array_walk(Array, Object(Closure))
#19 /Users/mymacc/Laravel/antriandukcapil/vendor/laravel/framework/src/Illuminate/Foundation/Bootstrap/BootProviders.php(17): Illuminate\\Foundation\\Application->boot()
#20 /Users/mymacc/Laravel/antriandukcapil/vendor/laravel/framework/src/Illuminate/Foundation/Application.php(261): Illuminate\\Foundation\\Bootstrap\\BootProviders->bootstrap(Object(Illuminate\\Foundation\\Application))
#21 /Users/mymacc/Laravel/antriandukcapil/vendor/laravel/framework/src/Illuminate/Foundation/Console/Kernel.php(428): Illuminate\\Foundation\\Application->bootstrapWith(Array)
#22 /Users/mymacc/Laravel/antriandukcapil/vendor/laravel/framework/src/Illuminate/Foundation/Console/Kernel.php(198): Illuminate\\Foundation\\Console\\Kernel->bootstrap()
#23 /Users/mymacc/Laravel/antriandukcapil/artisan(35): Illuminate\\Foundation\\Console\\Kernel->handle(Object(Symfony\\Component\\Console\\Input\\ArgvInput), Object(Symfony\\Component\\Console\\Output\\ConsoleOutput))
#24 {main}

[previous exception] [object] (PDOException(code: 1045): SQLSTATE[HY000] [1045] Access denied for user 'root'@'localhost' (using password: NO) at /Users/mymacc/Laravel/antriandukcapil/vendor/laravel/framework/src/Illuminate/Database/Connectors/Connector.php:65)
[stacktrace]
#0 /Users/mymacc/Laravel/antriandukcapil/vendor/laravel/framework/src/Illuminate/Database/Connectors/Connector.php(65): PDO->__construct('mysql:host=127....', 'root', Object(SensitiveParameterValue), Array)
#1 /Users/mymacc/Laravel/antriandukcapil/vendor/laravel/framework/src/Illuminate/Database/Connectors/Connector.php(44): Illuminate\\Database\\Connectors\\Connector->createPdoConnection('mysql:host=127....', 'root', '', Array)
#2 /Users/mymacc/Laravel/antriandukcapil/vendor/laravel/framework/src/Illuminate/Database/Connectors/MySqlConnector.php(24): Illuminate\\Database\\Connectors\\Connector->createConnection('mysql:host=127....', Array, Array)
#3 /Users/mymacc/Laravel/antriandukcapil/vendor/laravel/framework/src/Illuminate/Database/Connectors/ConnectionFactory.php(184): Illuminate\\Database\\Connectors\\MySqlConnector->connect(Array)
#4 [internal function]: Illuminate\\Database\\Connectors\\ConnectionFactory->Illuminate\\Database\\Connectors\\{closure}()
#5 /Users/mymacc/Laravel/antriandukcapil/vendor/laravel/framework/src/Illuminate/Database/Connection.php(1210): call_user_func(Object(Closure))
#6 /Users/mymacc/Laravel/antriandukcapil/vendor/laravel/framework/src/Illuminate/Database/Connection.php(1246): Illuminate\\Database\\Connection->getPdo()
#7 /Users/mymacc/Laravel/antriandukcapil/vendor/laravel/framework/src/Illuminate/Database/Connection.php(519): Illuminate\\Database\\Connection->getReadPdo()
#8 /Users/mymacc/Laravel/antriandukcapil/vendor/laravel/framework/src/Illuminate/Database/Connection.php(414): Illuminate\\Database\\Connection->getPdoForSelect(true)
#9 /Users/mymacc/Laravel/antriandukcapil/vendor/laravel/framework/src/Illuminate/Database/Connection.php(786): Illuminate\\Database\\Connection->Illuminate\\Database\\{closure}('select * from `...', Array)
#10 /Users/mymacc/Laravel/antriandukcapil/vendor/laravel/framework/src/Illuminate/Database/Connection.php(753): Illuminate\\Database\\Connection->runQueryCallback('select * from `...', Array, Object(Closure))
#11 /Users/mymacc/Laravel/antriandukcapil/vendor/laravel/framework/src/Illuminate/Database/Connection.php(405): Illuminate\\Database\\Connection->run('select * from `...', Array, Object(Closure))
#12 /Users/mymacc/Laravel/antriandukcapil/vendor/laravel/framework/src/Illuminate/Database/Query/Builder.php(2718): Illuminate\\Database\\Connection->select('select * from `...', Array, true)
#13 /Users/mymacc/Laravel/antriandukcapil/vendor/laravel/framework/src/Illuminate/Database/Query/Builder.php(2707): Illuminate\\Database\\Query\\Builder->runSelect()
#14 /Users/mymacc/Laravel/antriandukcapil/vendor/laravel/framework/src/Illuminate/Database/Query/Builder.php(3248): Illuminate\\Database\\Query\\Builder->Illuminate\\Database\\Query\\{closure}()
#15 /Users/mymacc/Laravel/antriandukcapil/vendor/laravel/framework/src/Illuminate/Database/Query/Builder.php(2706): Illuminate\\Database\\Query\\Builder->onceWithColumns(Array, Object(Closure))
#16 /Users/mymacc/Laravel/antriandukcapil/vendor/laravel/framework/src/Illuminate/Database/Eloquent/Builder.php(717): Illuminate\\Database\\Query\\Builder->get(Array)
#17 /Users/mymacc/Laravel/antriandukcapil/vendor/laravel/framework/src/Illuminate/Database/Eloquent/Builder.php(701): Illuminate\\Database\\Eloquent\\Builder->getModels(Array)
#18 /Users/mymacc/Laravel/antriandukcapil/vendor/laravel/framework/src/Illuminate/Database/Eloquent/Model.php(674): Illuminate\\Database\\Eloquent\\Builder->get(Array)
#19 /Users/mymacc/Laravel/antriandukcapil/app/Providers/AppServiceProvider.php(24): Illuminate\\Database\\Eloquent\\Model::all()
#20 /Users/mymacc/Laravel/antriandukcapil/vendor/laravel/framework/src/Illuminate/Container/BoundMethod.php(36): App\\Providers\\AppServiceProvider->boot()
#21 /Users/mymacc/Laravel/antriandukcapil/vendor/laravel/framework/src/Illuminate/Container/Util.php(41): Illuminate\\Container\\BoundMethod::Illuminate\\Container\\{closure}()
#22 /Users/mymacc/Laravel/antriandukcapil/vendor/laravel/framework/src/Illuminate/Container/BoundMethod.php(93): Illuminate\\Container\\Util::unwrapIfClosure(Object(Closure))
#23 /Users/mymacc/Laravel/antriandukcapil/vendor/laravel/framework/src/Illuminate/Container/BoundMethod.php(35): Illuminate\\Container\\BoundMethod::callBoundMethod(Object(Illuminate\\Foundation\\Application), Array, Object(Closure))
#24 /Users/mymacc/Laravel/antriandukcapil/vendor/laravel/framework/src/Illuminate/Container/Container.php(662): Illuminate\\Container\\BoundMethod::call(Object(Illuminate\\Foundation\\Application), Array, Array, NULL)
#25 /Users/mymacc/Laravel/antriandukcapil/vendor/laravel/framework/src/Illuminate/Foundation/Application.php(1006): Illuminate\\Container\\Container->call(Array)
#26 /Users/mymacc/Laravel/antriandukcapil/vendor/laravel/framework/src/Illuminate/Foundation/Application.php(987): Illuminate\\Foundation\\Application->bootProvider(Object(App\\Providers\\AppServiceProvider))
#27 [internal function]: Illuminate\\Foundation\\Application->Illuminate\\Foundation\\{closure}(Object(App\\Providers\\AppServiceProvider), 24)
#28 /Users/mymacc/Laravel/antriandukcapil/vendor/laravel/framework/src/Illuminate/Foundation/Application.php(986): array_walk(Array, Object(Closure))
#29 /Users/mymacc/Laravel/antriandukcapil/vendor/laravel/framework/src/Illuminate/Foundation/Bootstrap/BootProviders.php(17): Illuminate\\Foundation\\Application->boot()
#30 /Users/mymacc/Laravel/antriandukcapil/vendor/laravel/framework/src/Illuminate/Foundation/Application.php(261): Illuminate\\Foundation\\Bootstrap\\BootProviders->bootstrap(Object(Illuminate\\Foundation\\Application))
#31 /Users/mymacc/Laravel/antriandukcapil/vendor/laravel/framework/src/Illuminate/Foundation/Console/Kernel.php(428): Illuminate\\Foundation\\Application->bootstrapWith(Array)
#32 /Users/mymacc/Laravel/antriandukcapil/vendor/laravel/framework/src/Illuminate/Foundation/Console/Kernel.php(198): Illuminate\\Foundation\\Console\\Kernel->bootstrap()
#33 /Users/mymacc/Laravel/antriandukcapil/artisan(35): Illuminate\\Foundation\\Console\\Kernel->handle(Object(Symfony\\Component\\Console\\Input\\ArgvInput), Object(Symfony\\Component\\Console\\Output\\ConsoleOutput))
#34 {main}
"} 
[2026-04-26 13:27:53] local.ERROR: SQLSTATE[HY000] [1045] Access denied for user 'root'@'localhost' (using password: NO) (Connection: mysql, SQL: select * from `antrians`) {"exception":"[object] (Illuminate\\Database\\QueryException(code: 1045): SQLSTATE[HY000] [1045] Access denied for user 'root'@'localhost' (using password: NO) (Connection: mysql, SQL: select * from `antrians`) at /Users/mymacc/Laravel/antriandukcapil/vendor/laravel/framework/src/Illuminate/Database/Connection.php:793)
[stacktrace]
#0 /Users/mymacc/Laravel/antriandukcapil/vendor/laravel/framework/src/Illuminate/Database/Connection.php(753): Illuminate\\Database\\Connection->runQueryCallback('select * from `...', Array, Object(Closure))
#1 /Users/mymacc/Laravel/antriandukcapil/vendor/laravel/framework/src/Illuminate/Database/Connection.php(405): Illuminate\\Database\\Connection->run('select * from `...', Array, Object(Closure))
#2 /Users/mymacc/Laravel/antriandukcapil/vendor/laravel/framework/src/Illuminate/Database/Query/Builder.php(2718): Illuminate\\Database\\Connection->select('select * from `...', Array, true)
#3 /Users/mymacc/Laravel/antriandukcapil/vendor/laravel/framework/src/Illuminate/Database/Query/Builder.php(2707): Illuminate\\Database\\Query\\Builder->runSelect()
#4 /Users/mymacc/Laravel/antriandukcapil/vendor/laravel/framework/src/Illuminate/Database/Query/Builder.php(3248): Illuminate\\Database\\Query\\Builder->Illuminate\\Database\\Query\\{closure}()
#5 /Users/mymacc/Laravel/antriandukcapil/vendor/laravel/framework/src/Illuminate/Database/Query/Builder.php(2706): Illuminate\\Database\\Query\\Builder->onceWithColumns(Array, Object(Closure))
#6 /Users/mymacc/Laravel/antriandukcapil/vendor/laravel/framework/src/Illuminate/Database/Eloquent/Builder.php(717): Illuminate\\Database\\Query\\Builder->get(Array)
#7 /Users/mymacc/Laravel/antriandukcapil/vendor/laravel/framework/src/Illuminate/Database/Eloquent/Builder.php(701): Illuminate\\Database\\Eloquent\\Builder->getModels(Array)
#8 /Users/mymacc/Laravel/antriandukcapil/vendor/laravel/framework/src/Illuminate/Database/Eloquent/Model.php(674): Illuminate\\Database\\Eloquent\\Builder->get(Array)
#9 /Users/mymacc/Laravel/antriandukcapil/app/Providers/AppServiceProvider.php(24): Illuminate\\Database\\Eloquent\\Model::all()
#10 /Users/mymacc/Laravel/antriandukcapil/vendor/laravel/framework/src/Illuminate/Container/BoundMethod.php(36): App\\Providers\\AppServiceProvider->boot()
#11 /Users/mymacc/Laravel/antriandukcapil/vendor/laravel/framework/src/Illuminate/Container/Util.php(41): Illuminate\\Container\\BoundMethod::Illuminate\\Container\\{closure}()
#12 /Users/mymacc/Laravel/antriandukcapil/vendor/laravel/framework/src/Illuminate/Container/BoundMethod.php(93): Illuminate\\Container\\Util::unwrapIfClosure(Object(Closure))
#13 /Users/mymacc/Laravel/antriandukcapil/vendor/laravel/framework/src/Illuminate/Container/BoundMethod.php(35): Illuminate\\Container\\BoundMethod::callBoundMethod(Object(Illuminate\\Foundation\\Application), Array, Object(Closure))
#14 /Users/mymacc/Laravel/antriandukcapil/vendor/laravel/framework/src/Illuminate/Container/Container.php(662): Illuminate\\Container\\BoundMethod::call(Object(Illuminate\\Foundation\\Application), Array, Array, NULL)
#15 /Users/mymacc/Laravel/antriandukcapil/vendor/laravel/framework/src/Illuminate/Foundation/Application.php(1006): Illuminate\\Container\\Container->call(Array)
#16 /Users/mymacc/Laravel/antriandukcapil/vendor/laravel/framework/src/Illuminate/Foundation/Application.php(987): Illuminate\\Foundation\\Application->bootProvider(Object(App\\Providers\\AppServiceProvider))
#17 [internal function]: Illuminate\\Foundation\\Application->Illuminate\\Foundation\\{closure}(Object(App\\Providers\\AppServiceProvider), 25)
#18 /Users/mymacc/Laravel/antriandukcapil/vendor/laravel/framework/src/Illuminate/Foundation/Application.php(986): array_walk(Array, Object(Closure))
#19 /Users/mymacc/Laravel/antriandukcapil/vendor/laravel/framework/src/Illuminate/Foundation/Bootstrap/BootProviders.php(17): Illuminate\\Foundation\\Application->boot()
#20 /Users/mymacc/Laravel/antriandukcapil/vendor/laravel/framework/src/Illuminate/Foundation/Application.php(261): Illuminate\\Foundation\\Bootstrap\\BootProviders->bootstrap(Object(Illuminate\\Foundation\\Application))
#21 /Users/mymacc/Laravel/antriandukcapil/vendor/laravel/framework/src/Illuminate/Foundation/Console/Kernel.php(428): Illuminate\\Foundation\\Application->bootstrapWith(Array)
#22 /Users/mymacc/Laravel/antriandukcapil/vendor/laravel/framework/src/Illuminate/Foundation/Console/Kernel.php(198): Illuminate\\Foundation\\Console\\Kernel->bootstrap()
#23 Command line code(1): Illuminate\\Foundation\\Console\\Kernel->handle(Object(Symfony\\Component\\Console\\Input\\ArgvInput), Object(Symfony\\Component\\Console\\Output\\ConsoleOutput))
#24 {main}

[previous exception] [object] (PDOException(code: 1045): SQLSTATE[HY000] [1045] Access denied for user 'root'@'localhost' (using password: NO) at /Users/mymacc/Laravel/antriandukcapil/vendor/laravel/framework/src/Illuminate/Database/Connectors/Connector.php:65)
[stacktrace]
#0 /Users/mymacc/Laravel/antriandukcapil/vendor/laravel/framework/src/Illuminate/Database/Connectors/Connector.php(65): PDO->__construct('mysql:host=127....', 'root', Object(SensitiveParameterValue), Array)
#1 /Users/mymacc/Laravel/antriandukcapil/vendor/laravel/framework/src/Illuminate/Database/Connectors/Connector.php(44): Illuminate\\Database\\Connectors\\Connector->createPdoConnection('mysql:host=127....', 'root', '', Array)
#2 /Users/mymacc/Laravel/antriandukcapil/vendor/laravel/framework/src/Illuminate/Database/Connectors/MySqlConnector.php(24): Illuminate\\Database\\Connectors\\Connector->createConnection('mysql:host=127....', Array, Array)
#3 /Users/mymacc/Laravel/antriandukcapil/vendor/laravel/framework/src/Illuminate/Database/Connectors/ConnectionFactory.php(184): Illuminate\\Database\\Connectors\\MySqlConnector->connect(Array)
#4 [internal function]: Illuminate\\Database\\Connectors\\ConnectionFactory->Illuminate\\Database\\Connectors\\{closure}()
#5 /Users/mymacc/Laravel/antriandukcapil/vendor/laravel/framework/src/Illuminate/Database/Connection.php(1210): call_user_func(Object(Closure))
#6 /Users/mymacc/Laravel/antriandukcapil/vendor/laravel/framework/src/Illuminate/Database/Connection.php(1246): Illuminate\\Database\\Connection->getPdo()
#7 /Users/mymacc/Laravel/antriandukcapil/vendor/laravel/framework/src/Illuminate/Database/Connection.php(519): Illuminate\\Database\\Connection->getReadPdo()
#8 /Users/mymacc/Laravel/antriandukcapil/vendor/laravel/framework/src/Illuminate/Database/Connection.php(414): Illuminate\\Database\\Connection->getPdoForSelect(true)
#9 /Users/mymacc/Laravel/antriandukcapil/vendor/laravel/framework/src/Illuminate/Database/Connection.php(786): Illuminate\\Database\\Connection->Illuminate\\Database\\{closure}('select * from `...', Array)
#10 /Users/mymacc/Laravel/antriandukcapil/vendor/laravel/framework/src/Illuminate/Database/Connection.php(753): Illuminate\\Database\\Connection->runQueryCallback('select * from `...', Array, Object(Closure))
#11 /Users/mymacc/Laravel/antriandukcapil/vendor/laravel/framework/src/Illuminate/Database/Connection.php(405): Illuminate\\Database\\Connection->run('select * from `...', Array, Object(Closure))
#12 /Users/mymacc/Laravel/antriandukcapil/vendor/laravel/framework/src/Illuminate/Database/Query/Builder.php(2718): Illuminate\\Database\\Connection->select('select * from `...', Array, true)
#13 /Users/mymacc/Laravel/antriandukcapil/vendor/laravel/framework/src/Illuminate/Database/Query/Builder.php(2707): Illuminate\\Database\\Query\\Builder->runSelect()
#14 /Users/mymacc/Laravel/antriandukcapil/vendor/laravel/framework/src/Illuminate/Database/Query/Builder.php(3248): Illuminate\\Database\\Query\\Builder->Illuminate\\Database\\Query\\{closure}()
#15 /Users/mymacc/Laravel/antriandukcapil/vendor/laravel/framework/src/Illuminate/Database/Query/Builder.php(2706): Illuminate\\Database\\Query\\Builder->onceWithColumns(Array, Object(Closure))
#16 /Users/mymacc/Laravel/antriandukcapil/vendor/laravel/framework/src/Illuminate/Database/Eloquent/Builder.php(717): Illuminate\\Database\\Query\\Builder->get(Array)
#17 /Users/mymacc/Laravel/antriandukcapil/vendor/laravel/framework/src/Illuminate/Database/Eloquent/Builder.php(701): Illuminate\\Database\\Eloquent\\Builder->getModels(Array)
#18 /Users/mymacc/Laravel/antriandukcapil/vendor/laravel/framework/src/Illuminate/Database/Eloquent/Model.php(674): Illuminate\\Database\\Eloquent\\Builder->get(Array)
#19 /Users/mymacc/Laravel/antriandukcapil/app/Providers/AppServiceProvider.php(24): Illuminate\\Database\\Eloquent\\Model::all()
#20 /Users/mymacc/Laravel/antriandukcapil/vendor/laravel/framework/src/Illuminate/Container/BoundMethod.php(36): App\\Providers\\AppServiceProvider->boot()
#21 /Users/mymacc/Laravel/antriandukcapil/vendor/laravel/framework/src/Illuminate/Container/Util.php(41): Illuminate\\Container\\BoundMethod::Illuminate\\Container\\{closure}()
#22 /Users/mymacc/Laravel/antriandukcapil/vendor/laravel/framework/src/Illuminate/Container/BoundMethod.php(93): Illuminate\\Container\\Util::unwrapIfClosure(Object(Closure))
#23 /Users/mymacc/Laravel/antriandukcapil/vendor/laravel/framework/src/Illuminate/Container/BoundMethod.php(35): Illuminate\\Container\\BoundMethod::callBoundMethod(Object(Illuminate\\Foundation\\Application), Array, Object(Closure))
#24 /Users/mymacc/Laravel/antriandukcapil/vendor/laravel/framework/src/Illuminate/Container/Container.php(662): Illuminate\\Container\\BoundMethod::call(Object(Illuminate\\Foundation\\Application), Array, Array, NULL)
#25 /Users/mymacc/Laravel/antriandukcapil/vendor/laravel/framework/src/Illuminate/Foundation/Application.php(1006): Illuminate\\Container\\Container->call(Array)
#26 /Users/mymacc/Laravel/antriandukcapil/vendor/laravel/framework/src/Illuminate/Foundation/Application.php(987): Illuminate\\Foundation\\Application->bootProvider(Object(App\\Providers\\AppServiceProvider))
#27 [internal function]: Illuminate\\Foundation\\Application->Illuminate\\Foundation\\{closure}(Object(App\\Providers\\AppServiceProvider), 25)
#28 /Users/mymacc/Laravel/antriandukcapil/vendor/laravel/framework/src/Illuminate/Foundation/Application.php(986): array_walk(Array, Object(Closure))
#29 /Users/mymacc/Laravel/antriandukcapil/vendor/laravel/framework/src/Illuminate/Foundation/Bootstrap/BootProviders.php(17): Illuminate\\Foundation\\Application->boot()
#30 /Users/mymacc/Laravel/antriandukcapil/vendor/laravel/framework/src/Illuminate/Foundation/Application.php(261): Illuminate\\Foundation\\Bootstrap\\BootProviders->bootstrap(Object(Illuminate\\Foundation\\Application))
#31 /Users/mymacc/Laravel/antriandukcapil/vendor/laravel/framework/src/Illuminate/Foundation/Console/Kernel.php(428): Illuminate\\Foundation\\Application->bootstrapWith(Array)
#32 /Users/mymacc/Laravel/antriandukcapil/vendor/laravel/framework/src/Illuminate/Foundation/Console/Kernel.php(198): Illuminate\\Foundation\\Console\\Kernel->bootstrap()
#33 Command line code(1): Illuminate\\Foundation\\Console\\Kernel->handle(Object(Symfony\\Component\\Console\\Input\\ArgvInput), Object(Symfony\\Component\\Console\\Output\\ConsoleOutput))
#34 {main}
"} 
[2026-04-26 13:27:53] local.ERROR: SQLSTATE[HY000] [1045] Access denied for user 'root'@'localhost' (using password: NO) (Connection: mysql, SQL: select * from `antrians`) {"exception":"[object] (Illuminate\\Database\\QueryException(code: 1045): SQLSTATE[HY000] [1045] Access denied for user 'root'@'localhost' (using password: NO) (Connection: mysql, SQL: select * from `antrians`) at /Users/mymacc/Laravel/antriandukcapil/vendor/laravel/framework/src/Illuminate/Database/Connection.php:793)
[stacktrace]
#0 /Users/mymacc/Laravel/antriandukcapil/vendor/laravel/framework/src/Illuminate/Database/Connection.php(753): Illuminate\\Database\\Connection->runQueryCallback('select * from `...', Array, Object(Closure))
#1 /Users/mymacc/Laravel/antriandukcapil/vendor/laravel/framework/src/Illuminate/Database/Connection.php(405): Illuminate\\Database\\Connection->run('select * from `...', Array, Object(Closure))
#2 /Users/mymacc/Laravel/antriandukcapil/vendor/laravel/framework/src/Illuminate/Database/Query/Builder.php(2718): Illuminate\\Database\\Connection->select('select * from `...', Array, true)
#3 /Users/mymacc/Laravel/antriandukcapil/vendor/laravel/framework/src/Illuminate/Database/Query/Builder.php(2707): Illuminate\\Database\\Query\\Builder->runSelect()
#4 /Users/mymacc/Laravel/antriandukcapil/vendor/laravel/framework/src/Illuminate/Database/Query/Builder.php(3248): Illuminate\\Database\\Query\\Builder->Illuminate\\Database\\Query\\{closure}()
#5 /Users/mymacc/Laravel/antriandukcapil/vendor/laravel/framework/src/Illuminate/Database/Query/Builder.php(2706): Illuminate\\Database\\Query\\Builder->onceWithColumns(Array, Object(Closure))
#6 /Users/mymacc/Laravel/antriandukcapil/vendor/laravel/framework/src/Illuminate/Database/Eloquent/Builder.php(717): Illuminate\\Database\\Query\\Builder->get(Array)
#7 /Users/mymacc/Laravel/antriandukcapil/vendor/laravel/framework/src/Illuminate/Database/Eloquent/Builder.php(701): Illuminate\\Database\\Eloquent\\Builder->getModels(Array)
#8 /Users/mymacc/Laravel/antriandukcapil/vendor/laravel/framework/src/Illuminate/Database/Eloquent/Model.php(674): Illuminate\\Database\\Eloquent\\Builder->get(Array)
#9 /Users/mymacc/Laravel/antriandukcapil/app/Providers/AppServiceProvider.php(24): Illuminate\\Database\\Eloquent\\Model::all()
#10 /Users/mymacc/Laravel/antriandukcapil/vendor/laravel/framework/src/Illuminate/Container/BoundMethod.php(36): App\\Providers\\AppServiceProvider->boot()
#11 /Users/mymacc/Laravel/antriandukcapil/vendor/laravel/framework/src/Illuminate/Container/Util.php(41): Illuminate\\Container\\BoundMethod::Illuminate\\Container\\{closure}()
#12 /Users/mymacc/Laravel/antriandukcapil/vendor/laravel/framework/src/Illuminate/Container/BoundMethod.php(93): Illuminate\\Container\\Util::unwrapIfClosure(Object(Closure))
#13 /Users/mymacc/Laravel/antriandukcapil/vendor/laravel/framework/src/Illuminate/Container/BoundMethod.php(35): Illuminate\\Container\\BoundMethod::callBoundMethod(Object(Illuminate\\Foundation\\Application), Array, Object(Closure))
#14 /Users/mymacc/Laravel/antriandukcapil/vendor/laravel/framework/src/Illuminate/Container/Container.php(662): Illuminate\\Container\\BoundMethod::call(Object(Illuminate\\Foundation\\Application), Array, Array, NULL)
#15 /Users/mymacc/Laravel/antriandukcapil/vendor/laravel/framework/src/Illuminate/Foundation/Application.php(1006): Illuminate\\Container\\Container->call(Array)
#16 /Users/mymacc/Laravel/antriandukcapil/vendor/laravel/framework/src/Illuminate/Foundation/Application.php(987): Illuminate\\Foundation\\Application->bootProvider(Object(App\\Providers\\AppServiceProvider))
#17 [internal function]: Illuminate\\Foundation\\Application->Illuminate\\Foundation\\{closure}(Object(App\\Providers\\AppServiceProvider), 25)
#18 /Users/mymacc/Laravel/antriandukcapil/vendor/laravel/framework/src/Illuminate/Foundation/Application.php(986): array_walk(Array, Object(Closure))
#19 /Users/mymacc/Laravel/antriandukcapil/vendor/laravel/framework/src/Illuminate/Foundation/Bootstrap/BootProviders.php(17): Illuminate\\Foundation\\Application->boot()
#20 /Users/mymacc/Laravel/antriandukcapil/vendor/laravel/framework/src/Illuminate/Foundation/Application.php(261): Illuminate\\Foundation\\Bootstrap\\BootProviders->bootstrap(Object(Illuminate\\Foundation\\Application))
#21 /Users/mymacc/Laravel/antriandukcapil/vendor/laravel/framework/src/Illuminate/Foundation/Console/Kernel.php(428): Illuminate\\Foundation\\Application->bootstrapWith(Array)
#22 /Users/mymacc/Laravel/antriandukcapil/vendor/laravel/framework/src/Illuminate/Foundation/Console/Kernel.php(198): Illuminate\\Foundation\\Console\\Kernel->bootstrap()
#23 Command line code(1): Illuminate\\Foundation\\Console\\Kernel->handle(Object(Symfony\\Component\\Console\\Input\\ArgvInput), Object(Symfony\\Component\\Console\\Output\\ConsoleOutput))
#24 {main}

[previous exception] [object] (PDOException(code: 1045): SQLSTATE[HY000] [1045] Access denied for user 'root'@'localhost' (using password: NO) at /Users/mymacc/Laravel/antriandukcapil/vendor/laravel/framework/src/Illuminate/Database/Connectors/Connector.php:65)
[stacktrace]
#0 /Users/mymacc/Laravel/antriandukcapil/vendor/laravel/framework/src/Illuminate/Database/Connectors/Connector.php(65): PDO->__construct('mysql:host=127....', 'root', Object(SensitiveParameterValue), Array)
#1 /Users/mymacc/Laravel/antriandukcapil/vendor/laravel/framework/src/Illuminate/Database/Connectors/Connector.php(44): Illuminate\\Database\\Connectors\\Connector->createPdoConnection('mysql:host=127....', 'root', '', Array)
#2 /Users/mymacc/Laravel/antriandukcapil/vendor/laravel/framework/src/Illuminate/Database/Connectors/MySqlConnector.php(24): Illuminate\\Database\\Connectors\\Connector->createConnection('mysql:host=127....', Array, Array)
#3 /Users/mymacc/Laravel/antriandukcapil/vendor/laravel/framework/src/Illuminate/Database/Connectors/ConnectionFactory.php(184): Illuminate\\Database\\Connectors\\MySqlConnector->connect(Array)
#4 [internal function]: Illuminate\\Database\\Connectors\\ConnectionFactory->Illuminate\\Database\\Connectors\\{closure}()
#5 /Users/mymacc/Laravel/antriandukcapil/vendor/laravel/framework/src/Illuminate/Database/Connection.php(1210): call_user_func(Object(Closure))
#6 /Users/mymacc/Laravel/antriandukcapil/vendor/laravel/framework/src/Illuminate/Database/Connection.php(1246): Illuminate\\Database\\Connection->getPdo()
#7 /Users/mymacc/Laravel/antriandukcapil/vendor/laravel/framework/src/Illuminate/Database/Connection.php(519): Illuminate\\Database\\Connection->getReadPdo()
#8 /Users/mymacc/Laravel/antriandukcapil/vendor/laravel/framework/src/Illuminate/Database/Connection.php(414): Illuminate\\Database\\Connection->getPdoForSelect(true)
#9 /Users/mymacc/Laravel/antriandukcapil/vendor/laravel/framework/src/Illuminate/Database/Connection.php(786): Illuminate\\Database\\Connection->Illuminate\\Database\\{closure}('select * from `...', Array)
#10 /Users/mymacc/Laravel/antriandukcapil/vendor/laravel/framework/src/Illuminate/Database/Connection.php(753): Illuminate\\Database\\Connection->runQueryCallback('select * from `...', Array, Object(Closure))
#11 /Users/mymacc/Laravel/antriandukcapil/vendor/laravel/framework/src/Illuminate/Database/Connection.php(405): Illuminate\\Database\\Connection->run('select * from `...', Array, Object(Closure))
#12 /Users/mymacc/Laravel/antriandukcapil/vendor/laravel/framework/src/Illuminate/Database/Query/Builder.php(2718): Illuminate\\Database\\Connection->select('select * from `...', Array, true)
#13 /Users/mymacc/Laravel/antriandukcapil/vendor/laravel/framework/src/Illuminate/Database/Query/Builder.php(2707): Illuminate\\Database\\Query\\Builder->runSelect()
#14 /Users/mymacc/Laravel/antriandukcapil/vendor/laravel/framework/src/Illuminate/Database/Query/Builder.php(3248): Illuminate\\Database\\Query\\Builder->Illuminate\\Database\\Query\\{closure}()
#15 /Users/mymacc/Laravel/antriandukcapil/vendor/laravel/framework/src/Illuminate/Database/Query/Builder.php(2706): Illuminate\\Database\\Query\\Builder->onceWithColumns(Array, Object(Closure))
#16 /Users/mymacc/Laravel/antriandukcapil/vendor/laravel/framework/src/Illuminate/Database/Eloquent/Builder.php(717): Illuminate\\Database\\Query\\Builder->get(Array)
#17 /Users/mymacc/Laravel/antriandukcapil/vendor/laravel/framework/src/Illuminate/Database/Eloquent/Builder.php(701): Illuminate\\Database\\Eloquent\\Builder->getModels(Array)
#18 /Users/mymacc/Laravel/antriandukcapil/vendor/laravel/framework/src/Illuminate/Database/Eloquent/Model.php(674): Illuminate\\Database\\Eloquent\\Builder->get(Array)
#19 /Users/mymacc/Laravel/antriandukcapil/app/Providers/AppServiceProvider.php(24): Illuminate\\Database\\Eloquent\\Model::all()
#20 /Users/mymacc/Laravel/antriandukcapil/vendor/laravel/framework/src/Illuminate/Container/BoundMethod.php(36): App\\Providers\\AppServiceProvider->boot()
#21 /Users/mymacc/Laravel/antriandukcapil/vendor/laravel/framework/src/Illuminate/Container/Util.php(41): Illuminate\\Container\\BoundMethod::Illuminate\\Container\\{closure}()
#22 /Users/mymacc/Laravel/antriandukcapil/vendor/laravel/framework/src/Illuminate/Container/BoundMethod.php(93): Illuminate\\Container\\Util::unwrapIfClosure(Object(Closure))
#23 /Users/mymacc/Laravel/antriandukcapil/vendor/laravel/framework/src/Illuminate/Container/BoundMethod.php(35): Illuminate\\Container\\BoundMethod::callBoundMethod(Object(Illuminate\\Foundation\\Application), Array, Object(Closure))
#24 /Users/mymacc/Laravel/antriandukcapil/vendor/laravel/framework/src/Illuminate/Container/Container.php(662): Illuminate\\Container\\BoundMethod::call(Object(Illuminate\\Foundation\\Application), Array, Array, NULL)
#25 /Users/mymacc/Laravel/antriandukcapil/vendor/laravel/framework/src/Illuminate/Foundation/Application.php(1006): Illuminate\\Container\\Container->call(Array)
#26 /Users/mymacc/Laravel/antriandukcapil/vendor/laravel/framework/src/Illuminate/Foundation/Application.php(987): Illuminate\\Foundation\\Application->bootProvider(Object(App\\Providers\\AppServiceProvider))
#27 [internal function]: Illuminate\\Foundation\\Application->Illuminate\\Foundation\\{closure}(Object(App\\Providers\\AppServiceProvider), 25)
#28 /Users/mymacc/Laravel/antriandukcapil/vendor/laravel/framework/src/Illuminate/Foundation/Application.php(986): array_walk(Array, Object(Closure))
#29 /Users/mymacc/Laravel/antriandukcapil/vendor/laravel/framework/src/Illuminate/Foundation/Bootstrap/BootProviders.php(17): Illuminate\\Foundation\\Application->boot()
#30 /Users/mymacc/Laravel/antriandukcapil/vendor/laravel/framework/src/Illuminate/Foundation/Application.php(261): Illuminate\\Foundation\\Bootstrap\\BootProviders->bootstrap(Object(Illuminate\\Foundation\\Application))
#31 /Users/mymacc/Laravel/antriandukcapil/vendor/laravel/framework/src/Illuminate/Foundation/Console/Kernel.php(428): Illuminate\\Foundation\\Application->bootstrapWith(Array)
#32 /Users/mymacc/Laravel/antriandukcapil/vendor/laravel/framework/src/Illuminate/Foundation/Console/Kernel.php(198): Illuminate\\Foundation\\Console\\Kernel->bootstrap()
#33 Command line code(1): Illuminate\\Foundation\\Console\\Kernel->handle(Object(Symfony\\Component\\Console\\Input\\ArgvInput), Object(Symfony\\Component\\Console\\Output\\ConsoleOutput))
#34 {main}
"} 
[2026-04-26 13:27:53] local.ERROR: SQLSTATE[HY000] [1045] Access denied for user 'root'@'localhost' (using password: NO) (Connection: mysql, SQL: select * from `antrians`) {"exception":"[object] (Illuminate\\Database\\QueryException(code: 1045): SQLSTATE[HY000] [1045] Access denied for user 'root'@'localhost' (using password: NO) (Connection: mysql, SQL: select * from `antrians`) at /Users/mymacc/Laravel/antriandukcapil/vendor/laravel/framework/src/Illuminate/Database/Connection.php:793)
[stacktrace]
#0 /Users/mymacc/Laravel/antriandukcapil/vendor/laravel/framework/src/Illuminate/Database/Connection.php(753): Illuminate\\Database\\Connection->runQueryCallback('select * from `...', Array, Object(Closure))
#1 /Users/mymacc/Laravel/antriandukcapil/vendor/laravel/framework/src/Illuminate/Database/Connection.php(405): Illuminate\\Database\\Connection->run('select * from `...', Array, Object(Closure))
#2 /Users/mymacc/Laravel/antriandukcapil/vendor/laravel/framework/src/Illuminate/Database/Query/Builder.php(2718): Illuminate\\Database\\Connection->select('select * from `...', Array, true)
#3 /Users/mymacc/Laravel/antriandukcapil/vendor/laravel/framework/src/Illuminate/Database/Query/Builder.php(2707): Illuminate\\Database\\Query\\Builder->runSelect()
#4 /Users/mymacc/Laravel/antriandukcapil/vendor/laravel/framework/src/Illuminate/Database/Query/Builder.php(3248): Illuminate\\Database\\Query\\Builder->Illuminate\\Database\\Query\\{closure}()
#5 /Users/mymacc/Laravel/antriandukcapil/vendor/laravel/framework/src/Illuminate/Database/Query/Builder.php(2706): Illuminate\\Database\\Query\\Builder->onceWithColumns(Array, Object(Closure))
#6 /Users/mymacc/Laravel/antriandukcapil/vendor/laravel/framework/src/Illuminate/Database/Eloquent/Builder.php(717): Illuminate\\Database\\Query\\Builder->get(Array)
#7 /Users/mymacc/Laravel/antriandukcapil/vendor/laravel/framework/src/Illuminate/Database/Eloquent/Builder.php(701): Illuminate\\Database\\Eloquent\\Builder->getModels(Array)
#8 /Users/mymacc/Laravel/antriandukcapil/vendor/laravel/framework/src/Illuminate/Database/Eloquent/Model.php(674): Illuminate\\Database\\Eloquent\\Builder->get(Array)
#9 /Users/mymacc/Laravel/antriandukcapil/app/Providers/AppServiceProvider.php(24): Illuminate\\Database\\Eloquent\\Model::all()
#10 /Users/mymacc/Laravel/antriandukcapil/vendor/laravel/framework/src/Illuminate/Container/BoundMethod.php(36): App\\Providers\\AppServiceProvider->boot()
#11 /Users/mymacc/Laravel/antriandukcapil/vendor/laravel/framework/src/Illuminate/Container/Util.php(41): Illuminate\\Container\\BoundMethod::Illuminate\\Container\\{closure}()
#12 /Users/mymacc/Laravel/antriandukcapil/vendor/laravel/framework/src/Illuminate/Container/BoundMethod.php(93): Illuminate\\Container\\Util::unwrapIfClosure(Object(Closure))
#13 /Users/mymacc/Laravel/antriandukcapil/vendor/laravel/framework/src/Illuminate/Container/BoundMethod.php(35): Illuminate\\Container\\BoundMethod::callBoundMethod(Object(Illuminate\\Foundation\\Application), Array, Object(Closure))
#14 /Users/mymacc/Laravel/antriandukcapil/vendor/laravel/framework/src/Illuminate/Container/Container.php(662): Illuminate\\Container\\BoundMethod::call(Object(Illuminate\\Foundation\\Application), Array, Array, NULL)
#15 /Users/mymacc/Laravel/antriandukcapil/vendor/laravel/framework/src/Illuminate/Foundation/Application.php(1006): Illuminate\\Container\\Container->call(Array)
#16 /Users/mymacc/Laravel/antriandukcapil/vendor/laravel/framework/src/Illuminate/Foundation/Application.php(987): Illuminate\\Foundation\\Application->bootProvider(Object(App\\Providers\\AppServiceProvider))
#17 [internal function]: Illuminate\\Foundation\\Application->Illuminate\\Foundation\\{closure}(Object(App\\Providers\\AppServiceProvider), 25)
#18 /Users/mymacc/Laravel/antriandukcapil/vendor/laravel/framework/src/Illuminate/Foundation/Application.php(986): array_walk(Array, Object(Closure))
#19 /Users/mymacc/Laravel/antriandukcapil/vendor/laravel/framework/src/Illuminate/Foundation/Bootstrap/BootProviders.php(17): Illuminate\\Foundation\\Application->boot()
#20 /Users/mymacc/Laravel/antriandukcapil/vendor/laravel/framework/src/Illuminate/Foundation/Application.php(261): Illuminate\\Foundation\\Bootstrap\\BootProviders->bootstrap(Object(Illuminate\\Foundation\\Application))
#21 /Users/mymacc/Laravel/antriandukcapil/vendor/laravel/framework/src/Illuminate/Foundation/Console/Kernel.php(428): Illuminate\\Foundation\\Application->bootstrapWith(Array)
#22 /Users/mymacc/Laravel/antriandukcapil/vendor/laravel/framework/src/Illuminate/Foundation/Console/Kernel.php(198): Illuminate\\Foundation\\Console\\Kernel->bootstrap()
#23 Command line code(1): Illuminate\\Foundation\\Console\\Kernel->handle(Object(Symfony\\Component\\Console\\Input\\ArgvInput), Object(Symfony\\Component\\Console\\Output\\ConsoleOutput))
#24 {main}

[previous exception] [object] (PDOException(code: 1045): SQLSTATE[HY000] [1045] Access denied for user 'root'@'localhost' (using password: NO) at /Users/mymacc/Laravel/antriandukcapil/vendor/laravel/framework/src/Illuminate/Database/Connectors/Connector.php:65)
[stacktrace]
#0 /Users/mymacc/Laravel/antriandukcapil/vendor/laravel/framework/src/Illuminate/Database/Connectors/Connector.php(65): PDO->__construct('mysql:host=127....', 'root', Object(SensitiveParameterValue), Array)
#1 /Users/mymacc/Laravel/antriandukcapil/vendor/laravel/framework/src/Illuminate/Database/Connectors/Connector.php(44): Illuminate\\Database\\Connectors\\Connector->createPdoConnection('mysql:host=127....', 'root', '', Array)
#2 /Users/mymacc/Laravel/antriandukcapil/vendor/laravel/framework/src/Illuminate/Database/Connectors/MySqlConnector.php(24): Illuminate\\Database\\Connectors\\Connector->createConnection('mysql:host=127....', Array, Array)
#3 /Users/mymacc/Laravel/antriandukcapil/vendor/laravel/framework/src/Illuminate/Database/Connectors/ConnectionFactory.php(184): Illuminate\\Database\\Connectors\\MySqlConnector->connect(Array)
#4 [internal function]: Illuminate\\Database\\Connectors\\ConnectionFactory->Illuminate\\Database\\Connectors\\{closure}()
#5 /Users/mymacc/Laravel/antriandukcapil/vendor/laravel/framework/src/Illuminate/Database/Connection.php(1210): call_user_func(Object(Closure))
#6 /Users/mymacc/Laravel/antriandukcapil/vendor/laravel/framework/src/Illuminate/Database/Connection.php(1246): Illuminate\\Database\\Connection->getPdo()
#7 /Users/mymacc/Laravel/antriandukcapil/vendor/laravel/framework/src/Illuminate/Database/Connection.php(519): Illuminate\\Database\\Connection->getReadPdo()
#8 /Users/mymacc/Laravel/antriandukcapil/vendor/laravel/framework/src/Illuminate/Database/Connection.php(414): Illuminate\\Database\\Connection->getPdoForSelect(true)
#9 /Users/mymacc/Laravel/antriandukcapil/vendor/laravel/framework/src/Illuminate/Database/Connection.php(786): Illuminate\\Database\\Connection->Illuminate\\Database\\{closure}('select * from `...', Array)
#10 /Users/mymacc/Laravel/antriandukcapil/vendor/laravel/framework/src/Illuminate/Database/Connection.php(753): Illuminate\\Database\\Connection->runQueryCallback('select * from `...', Array, Object(Closure))
#11 /Users/mymacc/Laravel/antriandukcapil/vendor/laravel/framework/src/Illuminate/Database/Connection.php(405): Illuminate\\Database\\Connection->run('select * from `...', Array, Object(Closure))
#12 /Users/mymacc/Laravel/antriandukcapil/vendor/laravel/framework/src/Illuminate/Database/Query/Builder.php(2718): Illuminate\\Database\\Connection->select('select * from `...', Array, true)
#13 /Users/mymacc/Laravel/antriandukcapil/vendor/laravel/framework/src/Illuminate/Database/Query/Builder.php(2707): Illuminate\\Database\\Query\\Builder->runSelect()
#14 /Users/mymacc/Laravel/antriandukcapil/vendor/laravel/framework/src/Illuminate/Database/Query/Builder.php(3248): Illuminate\\Database\\Query\\Builder->Illuminate\\Database\\Query\\{closure}()
#15 /Users/mymacc/Laravel/antriandukcapil/vendor/laravel/framework/src/Illuminate/Database/Query/Builder.php(2706): Illuminate\\Database\\Query\\Builder->onceWithColumns(Array, Object(Closure))
#16 /Users/mymacc/Laravel/antriandukcapil/vendor/laravel/framework/src/Illuminate/Database/Eloquent/Builder.php(717): Illuminate\\Database\\Query\\Builder->get(Array)
#17 /Users/mymacc/Laravel/antriandukcapil/vendor/laravel/framework/src/Illuminate/Database/Eloquent/Builder.php(701): Illuminate\\Database\\Eloquent\\Builder->getModels(Array)
#18 /Users/mymacc/Laravel/antriandukcapil/vendor/laravel/framework/src/Illuminate/Database/Eloquent/Model.php(674): Illuminate\\Database\\Eloquent\\Builder->get(Array)
#19 /Users/mymacc/Laravel/antriandukcapil/app/Providers/AppServiceProvider.php(24): Illuminate\\Database\\Eloquent\\Model::all()
#20 /Users/mymacc/Laravel/antriandukcapil/vendor/laravel/framework/src/Illuminate/Container/BoundMethod.php(36): App\\Providers\\AppServiceProvider->boot()
#21 /Users/mymacc/Laravel/antriandukcapil/vendor/laravel/framework/src/Illuminate/Container/Util.php(41): Illuminate\\Container\\BoundMethod::Illuminate\\Container\\{closure}()
#22 /Users/mymacc/Laravel/antriandukcapil/vendor/laravel/framework/src/Illuminate/Container/BoundMethod.php(93): Illuminate\\Container\\Util::unwrapIfClosure(Object(Closure))
#23 /Users/mymacc/Laravel/antriandukcapil/vendor/laravel/framework/src/Illuminate/Container/BoundMethod.php(35): Illuminate\\Container\\BoundMethod::callBoundMethod(Object(Illuminate\\Foundation\\Application), Array, Object(Closure))
#24 /Users/mymacc/Laravel/antriandukcapil/vendor/laravel/framework/src/Illuminate/Container/Container.php(662): Illuminate\\Container\\BoundMethod::call(Object(Illuminate\\Foundation\\Application), Array, Array, NULL)
#25 /Users/mymacc/Laravel/antriandukcapil/vendor/laravel/framework/src/Illuminate/Foundation/Application.php(1006): Illuminate\\Container\\Container->call(Array)
#26 /Users/mymacc/Laravel/antriandukcapil/vendor/laravel/framework/src/Illuminate/Foundation/Application.php(987): Illuminate\\Foundation\\Application->bootProvider(Object(App\\Providers\\AppServiceProvider))
#27 [internal function]: Illuminate\\Foundation\\Application->Illuminate\\Foundation\\{closure}(Object(App\\Providers\\AppServiceProvider), 25)
#28 /Users/mymacc/Laravel/antriandukcapil/vendor/laravel/framework/src/Illuminate/Foundation/Application.php(986): array_walk(Array, Object(Closure))
#29 /Users/mymacc/Laravel/antriandukcapil/vendor/laravel/framework/src/Illuminate/Foundation/Bootstrap/BootProviders.php(17): Illuminate\\Foundation\\Application->boot()
#30 /Users/mymacc/Laravel/antriandukcapil/vendor/laravel/framework/src/Illuminate/Foundation/Application.php(261): Illuminate\\Foundation\\Bootstrap\\BootProviders->bootstrap(Object(Illuminate\\Foundation\\Application))
#31 /Users/mymacc/Laravel/antriandukcapil/vendor/laravel/framework/src/Illuminate/Foundation/Console/Kernel.php(428): Illuminate\\Foundation\\Application->bootstrapWith(Array)
#32 /Users/mymacc/Laravel/antriandukcapil/vendor/laravel/framework/src/Illuminate/Foundation/Console/Kernel.php(198): Illuminate\\Foundation\\Console\\Kernel->bootstrap()
#33 Command line code(1): Illuminate\\Foundation\\Console\\Kernel->handle(Object(Symfony\\Component\\Console\\Input\\ArgvInput), Object(Symfony\\Component\\Console\\Output\\ConsoleOutput))
#34 {main}
"} 
[2026-04-26 13:27:53] local.ERROR: SQLSTATE[HY000] [1045] Access denied for user 'root'@'localhost' (using password: NO) (Connection: mysql, SQL: select * from `antrians`) {"exception":"[object] (Illuminate\\Database\\QueryException(code: 1045): SQLSTATE[HY000] [1045] Access denied for user 'root'@'localhost' (using password: NO) (Connection: mysql, SQL: select * from `antrians`) at /Users/mymacc/Laravel/antriandukcapil/vendor/laravel/framework/src/Illuminate/Database/Connection.php:793)
[stacktrace]
#0 /Users/mymacc/Laravel/antriandukcapil/vendor/laravel/framework/src/Illuminate/Database/Connection.php(753): Illuminate\\Database\\Connection->runQueryCallback('select * from `...', Array, Object(Closure))
#1 /Users/mymacc/Laravel/antriandukcapil/vendor/laravel/framework/src/Illuminate/Database/Connection.php(405): Illuminate\\Database\\Connection->run('select * from `...', Array, Object(Closure))
#2 /Users/mymacc/Laravel/antriandukcapil/vendor/laravel/framework/src/Illuminate/Database/Query/Builder.php(2718): Illuminate\\Database\\Connection->select('select * from `...', Array, true)
#3 /Users/mymacc/Laravel/antriandukcapil/vendor/laravel/framework/src/Illuminate/Database/Query/Builder.php(2707): Illuminate\\Database\\Query\\Builder->runSelect()
#4 /Users/mymacc/Laravel/antriandukcapil/vendor/laravel/framework/src/Illuminate/Database/Query/Builder.php(3248): Illuminate\\Database\\Query\\Builder->Illuminate\\Database\\Query\\{closure}()
#5 /Users/mymacc/Laravel/antriandukcapil/vendor/laravel/framework/src/Illuminate/Database/Query/Builder.php(2706): Illuminate\\Database\\Query\\Builder->onceWithColumns(Array, Object(Closure))
#6 /Users/mymacc/Laravel/antriandukcapil/vendor/laravel/framework/src/Illuminate/Database/Eloquent/Builder.php(717): Illuminate\\Database\\Query\\Builder->get(Array)
#7 /Users/mymacc/Laravel/antriandukcapil/vendor/laravel/framework/src/Illuminate/Database/Eloquent/Builder.php(701): Illuminate\\Database\\Eloquent\\Builder->getModels(Array)
#8 /Users/mymacc/Laravel/antriandukcapil/vendor/laravel/framework/src/Illuminate/Database/Eloquent/Model.php(674): Illuminate\\Database\\Eloquent\\Builder->get(Array)
#9 /Users/mymacc/Laravel/antriandukcapil/app/Providers/AppServiceProvider.php(24): Illuminate\\Database\\Eloquent\\Model::all()
#10 /Users/mymacc/Laravel/antriandukcapil/vendor/laravel/framework/src/Illuminate/Container/BoundMethod.php(36): App\\Providers\\AppServiceProvider->boot()
#11 /Users/mymacc/Laravel/antriandukcapil/vendor/laravel/framework/src/Illuminate/Container/Util.php(41): Illuminate\\Container\\BoundMethod::Illuminate\\Container\\{closure}()
#12 /Users/mymacc/Laravel/antriandukcapil/vendor/laravel/framework/src/Illuminate/Container/BoundMethod.php(93): Illuminate\\Container\\Util::unwrapIfClosure(Object(Closure))
#13 /Users/mymacc/Laravel/antriandukcapil/vendor/laravel/framework/src/Illuminate/Container/BoundMethod.php(35): Illuminate\\Container\\BoundMethod::callBoundMethod(Object(Illuminate\\Foundation\\Application), Array, Object(Closure))
#14 /Users/mymacc/Laravel/antriandukcapil/vendor/laravel/framework/src/Illuminate/Container/Container.php(662): Illuminate\\Container\\BoundMethod::call(Object(Illuminate\\Foundation\\Application), Array, Array, NULL)
#15 /Users/mymacc/Laravel/antriandukcapil/vendor/laravel/framework/src/Illuminate/Foundation/Application.php(1006): Illuminate\\Container\\Container->call(Array)
#16 /Users/mymacc/Laravel/antriandukcapil/vendor/laravel/framework/src/Illuminate/Foundation/Application.php(987): Illuminate\\Foundation\\Application->bootProvider(Object(App\\Providers\\AppServiceProvider))
#17 [internal function]: Illuminate\\Foundation\\Application->Illuminate\\Foundation\\{closure}(Object(App\\Providers\\AppServiceProvider), 25)
#18 /Users/mymacc/Laravel/antriandukcapil/vendor/laravel/framework/src/Illuminate/Foundation/Application.php(986): array_walk(Array, Object(Closure))
#19 /Users/mymacc/Laravel/antriandukcapil/vendor/laravel/framework/src/Illuminate/Foundation/Bootstrap/BootProviders.php(17): Illuminate\\Foundation\\Application->boot()
#20 /Users/mymacc/Laravel/antriandukcapil/vendor/laravel/framework/src/Illuminate/Foundation/Application.php(261): Illuminate\\Foundation\\Bootstrap\\BootProviders->bootstrap(Object(Illuminate\\Foundation\\Application))
#21 /Users/mymacc/Laravel/antriandukcapil/vendor/laravel/framework/src/Illuminate/Foundation/Console/Kernel.php(428): Illuminate\\Foundation\\Application->bootstrapWith(Array)
#22 /Users/mymacc/Laravel/antriandukcapil/vendor/laravel/framework/src/Illuminate/Foundation/Console/Kernel.php(198): Illuminate\\Foundation\\Console\\Kernel->bootstrap()
#23 Command line code(1): Illuminate\\Foundation\\Console\\Kernel->handle(Object(Symfony\\Component\\Console\\Input\\ArgvInput), Object(Symfony\\Component\\Console\\Output\\ConsoleOutput))
#24 {main}

[previous exception] [object] (PDOException(code: 1045): SQLSTATE[HY000] [1045] Access denied for user 'root'@'localhost' (using password: NO) at /Users/mymacc/Laravel/antriandukcapil/vendor/laravel/framework/src/Illuminate/Database/Connectors/Connector.php:65)
[stacktrace]
#0 /Users/mymacc/Laravel/antriandukcapil/vendor/laravel/framework/src/Illuminate/Database/Connectors/Connector.php(65): PDO->__construct('mysql:host=127....', 'root', Object(SensitiveParameterValue), Array)
#1 /Users/mymacc/Laravel/antriandukcapil/vendor/laravel/framework/src/Illuminate/Database/Connectors/Connector.php(44): Illuminate\\Database\\Connectors\\Connector->createPdoConnection('mysql:host=127....', 'root', '', Array)
#2 /Users/mymacc/Laravel/antriandukcapil/vendor/laravel/framework/src/Illuminate/Database/Connectors/MySqlConnector.php(24): Illuminate\\Database\\Connectors\\Connector->createConnection('mysql:host=127....', Array, Array)
#3 /Users/mymacc/Laravel/antriandukcapil/vendor/laravel/framework/src/Illuminate/Database/Connectors/ConnectionFactory.php(184): Illuminate\\Database\\Connectors\\MySqlConnector->connect(Array)
#4 [internal function]: Illuminate\\Database\\Connectors\\ConnectionFactory->Illuminate\\Database\\Connectors\\{closure}()
#5 /Users/mymacc/Laravel/antriandukcapil/vendor/laravel/framework/src/Illuminate/Database/Connection.php(1210): call_user_func(Object(Closure))
#6 /Users/mymacc/Laravel/antriandukcapil/vendor/laravel/framework/src/Illuminate/Database/Connection.php(1246): Illuminate\\Database\\Connection->getPdo()
#7 /Users/mymacc/Laravel/antriandukcapil/vendor/laravel/framework/src/Illuminate/Database/Connection.php(519): Illuminate\\Database\\Connection->getReadPdo()
#8 /Users/mymacc/Laravel/antriandukcapil/vendor/laravel/framework/src/Illuminate/Database/Connection.php(414): Illuminate\\Database\\Connection->getPdoForSelect(true)
#9 /Users/mymacc/Laravel/antriandukcapil/vendor/laravel/framework/src/Illuminate/Database/Connection.php(786): Illuminate\\Database\\Connection->Illuminate\\Database\\{closure}('select * from `...', Array)
#10 /Users/mymacc/Laravel/antriandukcapil/vendor/laravel/framework/src/Illuminate/Database/Connection.php(753): Illuminate\\Database\\Connection->runQueryCallback('select * from `...', Array, Object(Closure))
#11 /Users/mymacc/Laravel/antriandukcapil/vendor/laravel/framework/src/Illuminate/Database/Connection.php(405): Illuminate\\Database\\Connection->run('select * from `...', Array, Object(Closure))
#12 /Users/mymacc/Laravel/antriandukcapil/vendor/laravel/framework/src/Illuminate/Database/Query/Builder.php(2718): Illuminate\\Database\\Connection->select('select * from `...', Array, true)
#13 /Users/mymacc/Laravel/antriandukcapil/vendor/laravel/framework/src/Illuminate/Database/Query/Builder.php(2707): Illuminate\\Database\\Query\\Builder->runSelect()
#14 /Users/mymacc/Laravel/antriandukcapil/vendor/laravel/framework/src/Illuminate/Database/Query/Builder.php(3248): Illuminate\\Database\\Query\\Builder->Illuminate\\Database\\Query\\{closure}()
#15 /Users/mymacc/Laravel/antriandukcapil/vendor/laravel/framework/src/Illuminate/Database/Query/Builder.php(2706): Illuminate\\Database\\Query\\Builder->onceWithColumns(Array, Object(Closure))
#16 /Users/mymacc/Laravel/antriandukcapil/vendor/laravel/framework/src/Illuminate/Database/Eloquent/Builder.php(717): Illuminate\\Database\\Query\\Builder->get(Array)
#17 /Users/mymacc/Laravel/antriandukcapil/vendor/laravel/framework/src/Illuminate/Database/Eloquent/Builder.php(701): Illuminate\\Database\\Eloquent\\Builder->getModels(Array)
#18 /Users/mymacc/Laravel/antriandukcapil/vendor/laravel/framework/src/Illuminate/Database/Eloquent/Model.php(674): Illuminate\\Database\\Eloquent\\Builder->get(Array)
#19 /Users/mymacc/Laravel/antriandukcapil/app/Providers/AppServiceProvider.php(24): Illuminate\\Database\\Eloquent\\Model::all()
#20 /Users/mymacc/Laravel/antriandukcapil/vendor/laravel/framework/src/Illuminate/Container/BoundMethod.php(36): App\\Providers\\AppServiceProvider->boot()
#21 /Users/mymacc/Laravel/antriandukcapil/vendor/laravel/framework/src/Illuminate/Container/Util.php(41): Illuminate\\Container\\BoundMethod::Illuminate\\Container\\{closure}()
#22 /Users/mymacc/Laravel/antriandukcapil/vendor/laravel/framework/src/Illuminate/Container/BoundMethod.php(93): Illuminate\\Container\\Util::unwrapIfClosure(Object(Closure))
#23 /Users/mymacc/Laravel/antriandukcapil/vendor/laravel/framework/src/Illuminate/Container/BoundMethod.php(35): Illuminate\\Container\\BoundMethod::callBoundMethod(Object(Illuminate\\Foundation\\Application), Array, Object(Closure))
#24 /Users/mymacc/Laravel/antriandukcapil/vendor/laravel/framework/src/Illuminate/Container/Container.php(662): Illuminate\\Container\\BoundMethod::call(Object(Illuminate\\Foundation\\Application), Array, Array, NULL)
#25 /Users/mymacc/Laravel/antriandukcapil/vendor/laravel/framework/src/Illuminate/Foundation/Application.php(1006): Illuminate\\Container\\Container->call(Array)
#26 /Users/mymacc/Laravel/antriandukcapil/vendor/laravel/framework/src/Illuminate/Foundation/Application.php(987): Illuminate\\Foundation\\Application->bootProvider(Object(App\\Providers\\AppServiceProvider))
#27 [internal function]: Illuminate\\Foundation\\Application->Illuminate\\Foundation\\{closure}(Object(App\\Providers\\AppServiceProvider), 25)
#28 /Users/mymacc/Laravel/antriandukcapil/vendor/laravel/framework/src/Illuminate/Foundation/Application.php(986): array_walk(Array, Object(Closure))
#29 /Users/mymacc/Laravel/antriandukcapil/vendor/laravel/framework/src/Illuminate/Foundation/Bootstrap/BootProviders.php(17): Illuminate\\Foundation\\Application->boot()
#30 /Users/mymacc/Laravel/antriandukcapil/vendor/laravel/framework/src/Illuminate/Foundation/Application.php(261): Illuminate\\Foundation\\Bootstrap\\BootProviders->bootstrap(Object(Illuminate\\Foundation\\Application))
#31 /Users/mymacc/Laravel/antriandukcapil/vendor/laravel/framework/src/Illuminate/Foundation/Console/Kernel.php(428): Illuminate\\Foundation\\Application->bootstrapWith(Array)
#32 /Users/mymacc/Laravel/antriandukcapil/vendor/laravel/framework/src/Illuminate/Foundation/Console/Kernel.php(198): Illuminate\\Foundation\\Console\\Kernel->bootstrap()
#33 Command line code(1): Illuminate\\Foundation\\Console\\Kernel->handle(Object(Symfony\\Component\\Console\\Input\\ArgvInput), Object(Symfony\\Component\\Console\\Output\\ConsoleOutput))
#34 {main}
"} 
[2026-04-26 13:27:53] local.ERROR: SQLSTATE[HY000] [1045] Access denied for user 'root'@'localhost' (using password: NO) (Connection: mysql, SQL: select * from `antrians`) {"exception":"[object] (Illuminate\\Database\\QueryException(code: 1045): SQLSTATE[HY000] [1045] Access denied for user 'root'@'localhost' (using password: NO) (Connection: mysql, SQL: select * from `antrians`) at /Users/mymacc/Laravel/antriandukcapil/vendor/laravel/framework/src/Illuminate/Database/Connection.php:793)
[stacktrace]
#0 /Users/mymacc/Laravel/antriandukcapil/vendor/laravel/framework/src/Illuminate/Database/Connection.php(753): Illuminate\\Database\\Connection->runQueryCallback('select * from `...', Array, Object(Closure))
#1 /Users/mymacc/Laravel/antriandukcapil/vendor/laravel/framework/src/Illuminate/Database/Connection.php(405): Illuminate\\Database\\Connection->run('select * from `...', Array, Object(Closure))
#2 /Users/mymacc/Laravel/antriandukcapil/vendor/laravel/framework/src/Illuminate/Database/Query/Builder.php(2718): Illuminate\\Database\\Connection->select('select * from `...', Array, true)
#3 /Users/mymacc/Laravel/antriandukcapil/vendor/laravel/framework/src/Illuminate/Database/Query/Builder.php(2707): Illuminate\\Database\\Query\\Builder->runSelect()
#4 /Users/mymacc/Laravel/antriandukcapil/vendor/laravel/framework/src/Illuminate/Database/Query/Builder.php(3248): Illuminate\\Database\\Query\\Builder->Illuminate\\Database\\Query\\{closure}()
#5 /Users/mymacc/Laravel/antriandukcapil/vendor/laravel/framework/src/Illuminate/Database/Query/Builder.php(2706): Illuminate\\Database\\Query\\Builder->onceWithColumns(Array, Object(Closure))
#6 /Users/mymacc/Laravel/antriandukcapil/vendor/laravel/framework/src/Illuminate/Database/Eloquent/Builder.php(717): Illuminate\\Database\\Query\\Builder->get(Array)
#7 /Users/mymacc/Laravel/antriandukcapil/vendor/laravel/framework/src/Illuminate/Database/Eloquent/Builder.php(701): Illuminate\\Database\\Eloquent\\Builder->getModels(Array)
#8 /Users/mymacc/Laravel/antriandukcapil/vendor/laravel/framework/src/Illuminate/Database/Eloquent/Model.php(674): Illuminate\\Database\\Eloquent\\Builder->get(Array)
#9 /Users/mymacc/Laravel/antriandukcapil/app/Providers/AppServiceProvider.php(24): Illuminate\\Database\\Eloquent\\Model::all()
#10 /Users/mymacc/Laravel/antriandukcapil/vendor/laravel/framework/src/Illuminate/Container/BoundMethod.php(36): App\\Providers\\AppServiceProvider->boot()
#11 /Users/mymacc/Laravel/antriandukcapil/vendor/laravel/framework/src/Illuminate/Container/Util.php(41): Illuminate\\Container\\BoundMethod::Illuminate\\Container\\{closure}()
#12 /Users/mymacc/Laravel/antriandukcapil/vendor/laravel/framework/src/Illuminate/Container/BoundMethod.php(93): Illuminate\\Container\\Util::unwrapIfClosure(Object(Closure))
#13 /Users/mymacc/Laravel/antriandukcapil/vendor/laravel/framework/src/Illuminate/Container/BoundMethod.php(35): Illuminate\\Container\\BoundMethod::callBoundMethod(Object(Illuminate\\Foundation\\Application), Array, Object(Closure))
#14 /Users/mymacc/Laravel/antriandukcapil/vendor/laravel/framework/src/Illuminate/Container/Container.php(662): Illuminate\\Container\\BoundMethod::call(Object(Illuminate\\Foundation\\Application), Array, Array, NULL)
#15 /Users/mymacc/Laravel/antriandukcapil/vendor/laravel/framework/src/Illuminate/Foundation/Application.php(1006): Illuminate\\Container\\Container->call(Array)
#16 /Users/mymacc/Laravel/antriandukcapil/vendor/laravel/framework/src/Illuminate/Foundation/Application.php(987): Illuminate\\Foundation\\Application->bootProvider(Object(App\\Providers\\AppServiceProvider))
#17 [internal function]: Illuminate\\Foundation\\Application->Illuminate\\Foundation\\{closure}(Object(App\\Providers\\AppServiceProvider), 25)
#18 /Users/mymacc/Laravel/antriandukcapil/vendor/laravel/framework/src/Illuminate/Foundation/Application.php(986): array_walk(Array, Object(Closure))
#19 /Users/mymacc/Laravel/antriandukcapil/vendor/laravel/framework/src/Illuminate/Foundation/Bootstrap/BootProviders.php(17): Illuminate\\Foundation\\Application->boot()
#20 /Users/mymacc/Laravel/antriandukcapil/vendor/laravel/framework/src/Illuminate/Foundation/Application.php(261): Illuminate\\Foundation\\Bootstrap\\BootProviders->bootstrap(Object(Illuminate\\Foundation\\Application))
#21 /Users/mymacc/Laravel/antriandukcapil/vendor/laravel/framework/src/Illuminate/Foundation/Console/Kernel.php(428): Illuminate\\Foundation\\Application->bootstrapWith(Array)
#22 /Users/mymacc/Laravel/antriandukcapil/vendor/laravel/framework/src/Illuminate/Foundation/Console/Kernel.php(198): Illuminate\\Foundation\\Console\\Kernel->bootstrap()
#23 Command line code(1): Illuminate\\Foundation\\Console\\Kernel->handle(Object(Symfony\\Component\\Console\\Input\\ArgvInput), Object(Symfony\\Component\\Console\\Output\\ConsoleOutput))
#24 {main}

[previous exception] [object] (PDOException(code: 1045): SQLSTATE[HY000] [1045] Access denied for user 'root'@'localhost' (using password: NO) at /Users/mymacc/Laravel/antriandukcapil/vendor/laravel/framework/src/Illuminate/Database/Connectors/Connector.php:65)
[stacktrace]
#0 /Users/mymacc/Laravel/antriandukcapil/vendor/laravel/framework/src/Illuminate/Database/Connectors/Connector.php(65): PDO->__construct('mysql:host=127....', 'root', Object(SensitiveParameterValue), Array)
#1 /Users/mymacc/Laravel/antriandukcapil/vendor/laravel/framework/src/Illuminate/Database/Connectors/Connector.php(44): Illuminate\\Database\\Connectors\\Connector->createPdoConnection('mysql:host=127....', 'root', '', Array)
#2 /Users/mymacc/Laravel/antriandukcapil/vendor/laravel/framework/src/Illuminate/Database/Connectors/MySqlConnector.php(24): Illuminate\\Database\\Connectors\\Connector->createConnection('mysql:host=127....', Array, Array)
#3 /Users/mymacc/Laravel/antriandukcapil/vendor/laravel/framework/src/Illuminate/Database/Connectors/ConnectionFactory.php(184): Illuminate\\Database\\Connectors\\MySqlConnector->connect(Array)
#4 [internal function]: Illuminate\\Database\\Connectors\\ConnectionFactory->Illuminate\\Database\\Connectors\\{closure}()
#5 /Users/mymacc/Laravel/antriandukcapil/vendor/laravel/framework/src/Illuminate/Database/Connection.php(1210): call_user_func(Object(Closure))
#6 /Users/mymacc/Laravel/antriandukcapil/vendor/laravel/framework/src/Illuminate/Database/Connection.php(1246): Illuminate\\Database\\Connection->getPdo()
#7 /Users/mymacc/Laravel/antriandukcapil/vendor/laravel/framework/src/Illuminate/Database/Connection.php(519): Illuminate\\Database\\Connection->getReadPdo()
#8 /Users/mymacc/Laravel/antriandukcapil/vendor/laravel/framework/src/Illuminate/Database/Connection.php(414): Illuminate\\Database\\Connection->getPdoForSelect(true)
#9 /Users/mymacc/Laravel/antriandukcapil/vendor/laravel/framework/src/Illuminate/Database/Connection.php(786): Illuminate\\Database\\Connection->Illuminate\\Database\\{closure}('select * from `...', Array)
#10 /Users/mymacc/Laravel/antriandukcapil/vendor/laravel/framework/src/Illuminate/Database/Connection.php(753): Illuminate\\Database\\Connection->runQueryCallback('select * from `...', Array, Object(Closure))
#11 /Users/mymacc/Laravel/antriandukcapil/vendor/laravel/framework/src/Illuminate/Database/Connection.php(405): Illuminate\\Database\\Connection->run('select * from `...', Array, Object(Closure))
#12 /Users/mymacc/Laravel/antriandukcapil/vendor/laravel/framework/src/Illuminate/Database/Query/Builder.php(2718): Illuminate\\Database\\Connection->select('select * from `...', Array, true)
#13 /Users/mymacc/Laravel/antriandukcapil/vendor/laravel/framework/src/Illuminate/Database/Query/Builder.php(2707): Illuminate\\Database\\Query\\Builder->runSelect()
#14 /Users/mymacc/Laravel/antriandukcapil/vendor/laravel/framework/src/Illuminate/Database/Query/Builder.php(3248): Illuminate\\Database\\Query\\Builder->Illuminate\\Database\\Query\\{closure}()
#15 /Users/mymacc/Laravel/antriandukcapil/vendor/laravel/framework/src/Illuminate/Database/Query/Builder.php(2706): Illuminate\\Database\\Query\\Builder->onceWithColumns(Array, Object(Closure))
#16 /Users/mymacc/Laravel/antriandukcapil/vendor/laravel/framework/src/Illuminate/Database/Eloquent/Builder.php(717): Illuminate\\Database\\Query\\Builder->get(Array)
#17 /Users/mymacc/Laravel/antriandukcapil/vendor/laravel/framework/src/Illuminate/Database/Eloquent/Builder.php(701): Illuminate\\Database\\Eloquent\\Builder->getModels(Array)
#18 /Users/mymacc/Laravel/antriandukcapil/vendor/laravel/framework/src/Illuminate/Database/Eloquent/Model.php(674): Illuminate\\Database\\Eloquent\\Builder->get(Array)
#19 /Users/mymacc/Laravel/antriandukcapil/app/Providers/AppServiceProvider.php(24): Illuminate\\Database\\Eloquent\\Model::all()
#20 /Users/mymacc/Laravel/antriandukcapil/vendor/laravel/framework/src/Illuminate/Container/BoundMethod.php(36): App\\Providers\\AppServiceProvider->boot()
#21 /Users/mymacc/Laravel/antriandukcapil/vendor/laravel/framework/src/Illuminate/Container/Util.php(41): Illuminate\\Container\\BoundMethod::Illuminate\\Container\\{closure}()
#22 /Users/mymacc/Laravel/antriandukcapil/vendor/laravel/framework/src/Illuminate/Container/BoundMethod.php(93): Illuminate\\Container\\Util::unwrapIfClosure(Object(Closure))
#23 /Users/mymacc/Laravel/antriandukcapil/vendor/laravel/framework/src/Illuminate/Container/BoundMethod.php(35): Illuminate\\Container\\BoundMethod::callBoundMethod(Object(Illuminate\\Foundation\\Application), Array, Object(Closure))
#24 /Users/mymacc/Laravel/antriandukcapil/vendor/laravel/framework/src/Illuminate/Container/Container.php(662): Illuminate\\Container\\BoundMethod::call(Object(Illuminate\\Foundation\\Application), Array, Array, NULL)
#25 /Users/mymacc/Laravel/antriandukcapil/vendor/laravel/framework/src/Illuminate/Foundation/Application.php(1006): Illuminate\\Container\\Container->call(Array)
#26 /Users/mymacc/Laravel/antriandukcapil/vendor/laravel/framework/src/Illuminate/Foundation/Application.php(987): Illuminate\\Foundation\\Application->bootProvider(Object(App\\Providers\\AppServiceProvider))
#27 [internal function]: Illuminate\\Foundation\\Application->Illuminate\\Foundation\\{closure}(Object(App\\Providers\\AppServiceProvider), 25)
#28 /Users/mymacc/Laravel/antriandukcapil/vendor/laravel/framework/src/Illuminate/Foundation/Application.php(986): array_walk(Array, Object(Closure))
#29 /Users/mymacc/Laravel/antriandukcapil/vendor/laravel/framework/src/Illuminate/Foundation/Bootstrap/BootProviders.php(17): Illuminate\\Foundation\\Application->boot()
#30 /Users/mymacc/Laravel/antriandukcapil/vendor/laravel/framework/src/Illuminate/Foundation/Application.php(261): Illuminate\\Foundation\\Bootstrap\\BootProviders->bootstrap(Object(Illuminate\\Foundation\\Application))
#31 /Users/mymacc/Laravel/antriandukcapil/vendor/laravel/framework/src/Illuminate/Foundation/Console/Kernel.php(428): Illuminate\\Foundation\\Application->bootstrapWith(Array)
#32 /Users/mymacc/Laravel/antriandukcapil/vendor/laravel/framework/src/Illuminate/Foundation/Console/Kernel.php(198): Illuminate\\Foundation\\Console\\Kernel->bootstrap()
#33 Command line code(1): Illuminate\\Foundation\\Console\\Kernel->handle(Object(Symfony\\Component\\Console\\Input\\ArgvInput), Object(Symfony\\Component\\Console\\Output\\ConsoleOutput))
#34 {main}
"} 
[2026-04-26 13:27:53] local.ERROR: SQLSTATE[HY000] [1045] Access denied for user 'root'@'localhost' (using password: NO) (Connection: mysql, SQL: select * from `antrians`) {"exception":"[object] (Illuminate\\Database\\QueryException(code: 1045): SQLSTATE[HY000] [1045] Access denied for user 'root'@'localhost' (using password: NO) (Connection: mysql, SQL: select * from `antrians`) at /Users/mymacc/Laravel/antriandukcapil/vendor/laravel/framework/src/Illuminate/Database/Connection.php:793)
[stacktrace]
#0 /Users/mymacc/Laravel/antriandukcapil/vendor/laravel/framework/src/Illuminate/Database/Connection.php(753): Illuminate\\Database\\Connection->runQueryCallback('select * from `...', Array, Object(Closure))
#1 /Users/mymacc/Laravel/antriandukcapil/vendor/laravel/framework/src/Illuminate/Database/Connection.php(405): Illuminate\\Database\\Connection->run('select * from `...', Array, Object(Closure))
#2 /Users/mymacc/Laravel/antriandukcapil/vendor/laravel/framework/src/Illuminate/Database/Query/Builder.php(2718): Illuminate\\Database\\Connection->select('select * from `...', Array, true)
#3 /Users/mymacc/Laravel/antriandukcapil/vendor/laravel/framework/src/Illuminate/Database/Query/Builder.php(2707): Illuminate\\Database\\Query\\Builder->runSelect()
#4 /Users/mymacc/Laravel/antriandukcapil/vendor/laravel/framework/src/Illuminate/Database/Query/Builder.php(3248): Illuminate\\Database\\Query\\Builder->Illuminate\\Database\\Query\\{closure}()
#5 /Users/mymacc/Laravel/antriandukcapil/vendor/laravel/framework/src/Illuminate/Database/Query/Builder.php(2706): Illuminate\\Database\\Query\\Builder->onceWithColumns(Array, Object(Closure))
#6 /Users/mymacc/Laravel/antriandukcapil/vendor/laravel/framework/src/Illuminate/Database/Eloquent/Builder.php(717): Illuminate\\Database\\Query\\Builder->get(Array)
#7 /Users/mymacc/Laravel/antriandukcapil/vendor/laravel/framework/src/Illuminate/Database/Eloquent/Builder.php(701): Illuminate\\Database\\Eloquent\\Builder->getModels(Array)
#8 /Users/mymacc/Laravel/antriandukcapil/vendor/laravel/framework/src/Illuminate/Database/Eloquent/Model.php(674): Illuminate\\Database\\Eloquent\\Builder->get(Array)
#9 /Users/mymacc/Laravel/antriandukcapil/app/Providers/AppServiceProvider.php(24): Illuminate\\Database\\Eloquent\\Model::all()
#10 /Users/mymacc/Laravel/antriandukcapil/vendor/laravel/framework/src/Illuminate/Container/BoundMethod.php(36): App\\Providers\\AppServiceProvider->boot()
#11 /Users/mymacc/Laravel/antriandukcapil/vendor/laravel/framework/src/Illuminate/Container/Util.php(41): Illuminate\\Container\\BoundMethod::Illuminate\\Container\\{closure}()
#12 /Users/mymacc/Laravel/antriandukcapil/vendor/laravel/framework/src/Illuminate/Container/BoundMethod.php(93): Illuminate\\Container\\Util::unwrapIfClosure(Object(Closure))
#13 /Users/mymacc/Laravel/antriandukcapil/vendor/laravel/framework/src/Illuminate/Container/BoundMethod.php(35): Illuminate\\Container\\BoundMethod::callBoundMethod(Object(Illuminate\\Foundation\\Application), Array, Object(Closure))
#14 /Users/mymacc/Laravel/antriandukcapil/vendor/laravel/framework/src/Illuminate/Container/Container.php(662): Illuminate\\Container\\BoundMethod::call(Object(Illuminate\\Foundation\\Application), Array, Array, NULL)
#15 /Users/mymacc/Laravel/antriandukcapil/vendor/laravel/framework/src/Illuminate/Foundation/Application.php(1006): Illuminate\\Container\\Container->call(Array)
#16 /Users/mymacc/Laravel/antriandukcapil/vendor/laravel/framework/src/Illuminate/Foundation/Application.php(987): Illuminate\\Foundation\\Application->bootProvider(Object(App\\Providers\\AppServiceProvider))
#17 [internal function]: Illuminate\\Foundation\\Application->Illuminate\\Foundation\\{closure}(Object(App\\Providers\\AppServiceProvider), 25)
#18 /Users/mymacc/Laravel/antriandukcapil/vendor/laravel/framework/src/Illuminate/Foundation/Application.php(986): array_walk(Array, Object(Closure))
#19 /Users/mymacc/Laravel/antriandukcapil/vendor/laravel/framework/src/Illuminate/Foundation/Bootstrap/BootProviders.php(17): Illuminate\\Foundation\\Application->boot()
#20 /Users/mymacc/Laravel/antriandukcapil/vendor/laravel/framework/src/Illuminate/Foundation/Application.php(261): Illuminate\\Foundation\\Bootstrap\\BootProviders->bootstrap(Object(Illuminate\\Foundation\\Application))
#21 /Users/mymacc/Laravel/antriandukcapil/vendor/laravel/framework/src/Illuminate/Foundation/Console/Kernel.php(428): Illuminate\\Foundation\\Application->bootstrapWith(Array)
#22 /Users/mymacc/Laravel/antriandukcapil/vendor/laravel/framework/src/Illuminate/Foundation/Console/Kernel.php(198): Illuminate\\Foundation\\Console\\Kernel->bootstrap()
#23 Command line code(1): Illuminate\\Foundation\\Console\\Kernel->handle(Object(Symfony\\Component\\Console\\Input\\ArgvInput), Object(Symfony\\Component\\Console\\Output\\ConsoleOutput))
#24 {main}

[previous exception] [object] (PDOException(code: 1045): SQLSTATE[HY000] [1045] Access denied for user 'root'@'localhost' (using password: NO) at /Users/mymacc/Laravel/antriandukcapil/vendor/laravel/framework/src/Illuminate/Database/Connectors/Connector.php:65)
[stacktrace]
#0 /Users/mymacc/Laravel/antriandukcapil/vendor/laravel/framework/src/Illuminate/Database/Connectors/Connector.php(65): PDO->__construct('mysql:host=127....', 'root', Object(SensitiveParameterValue), Array)
#1 /Users/mymacc/Laravel/antriandukcapil/vendor/laravel/framework/src/Illuminate/Database/Connectors/Connector.php(44): Illuminate\\Database\\Connectors\\Connector->createPdoConnection('mysql:host=127....', 'root', '', Array)
#2 /Users/mymacc/Laravel/antriandukcapil/vendor/laravel/framework/src/Illuminate/Database/Connectors/MySqlConnector.php(24): Illuminate\\Database\\Connectors\\Connector->createConnection('mysql:host=127....', Array, Array)
#3 /Users/mymacc/Laravel/antriandukcapil/vendor/laravel/framework/src/Illuminate/Database/Connectors/ConnectionFactory.php(184): Illuminate\\Database\\Connectors\\MySqlConnector->connect(Array)
#4 [internal function]: Illuminate\\Database\\Connectors\\ConnectionFactory->Illuminate\\Database\\Connectors\\{closure}()
#5 /Users/mymacc/Laravel/antriandukcapil/vendor/laravel/framework/src/Illuminate/Database/Connection.php(1210): call_user_func(Object(Closure))
#6 /Users/mymacc/Laravel/antriandukcapil/vendor/laravel/framework/src/Illuminate/Database/Connection.php(1246): Illuminate\\Database\\Connection->getPdo()
#7 /Users/mymacc/Laravel/antriandukcapil/vendor/laravel/framework/src/Illuminate/Database/Connection.php(519): Illuminate\\Database\\Connection->getReadPdo()
#8 /Users/mymacc/Laravel/antriandukcapil/vendor/laravel/framework/src/Illuminate/Database/Connection.php(414): Illuminate\\Database\\Connection->getPdoForSelect(true)
#9 /Users/mymacc/Laravel/antriandukcapil/vendor/laravel/framework/src/Illuminate/Database/Connection.php(786): Illuminate\\Database\\Connection->Illuminate\\Database\\{closure}('select * from `...', Array)
#10 /Users/mymacc/Laravel/antriandukcapil/vendor/laravel/framework/src/Illuminate/Database/Connection.php(753): Illuminate\\Database\\Connection->runQueryCallback('select * from `...', Array, Object(Closure))
#11 /Users/mymacc/Laravel/antriandukcapil/vendor/laravel/framework/src/Illuminate/Database/Connection.php(405): Illuminate\\Database\\Connection->run('select * from `...', Array, Object(Closure))
#12 /Users/mymacc/Laravel/antriandukcapil/vendor/laravel/framework/src/Illuminate/Database/Query/Builder.php(2718): Illuminate\\Database\\Connection->select('select * from `...', Array, true)
#13 /Users/mymacc/Laravel/antriandukcapil/vendor/laravel/framework/src/Illuminate/Database/Query/Builder.php(2707): Illuminate\\Database\\Query\\Builder->runSelect()
#14 /Users/mymacc/Laravel/antriandukcapil/vendor/laravel/framework/src/Illuminate/Database/Query/Builder.php(3248): Illuminate\\Database\\Query\\Builder->Illuminate\\Database\\Query\\{closure}()
#15 /Users/mymacc/Laravel/antriandukcapil/vendor/laravel/framework/src/Illuminate/Database/Query/Builder.php(2706): Illuminate\\Database\\Query\\Builder->onceWithColumns(Array, Object(Closure))
#16 /Users/mymacc/Laravel/antriandukcapil/vendor/laravel/framework/src/Illuminate/Database/Eloquent/Builder.php(717): Illuminate\\Database\\Query\\Builder->get(Array)
#17 /Users/mymacc/Laravel/antriandukcapil/vendor/laravel/framework/src/Illuminate/Database/Eloquent/Builder.php(701): Illuminate\\Database\\Eloquent\\Builder->getModels(Array)
#18 /Users/mymacc/Laravel/antriandukcapil/vendor/laravel/framework/src/Illuminate/Database/Eloquent/Model.php(674): Illuminate\\Database\\Eloquent\\Builder->get(Array)
#19 /Users/mymacc/Laravel/antriandukcapil/app/Providers/AppServiceProvider.php(24): Illuminate\\Database\\Eloquent\\Model::all()
#20 /Users/mymacc/Laravel/antriandukcapil/vendor/laravel/framework/src/Illuminate/Container/BoundMethod.php(36): App\\Providers\\AppServiceProvider->boot()
#21 /Users/mymacc/Laravel/antriandukcapil/vendor/laravel/framework/src/Illuminate/Container/Util.php(41): Illuminate\\Container\\BoundMethod::Illuminate\\Container\\{closure}()
#22 /Users/mymacc/Laravel/antriandukcapil/vendor/laravel/framework/src/Illuminate/Container/BoundMethod.php(93): Illuminate\\Container\\Util::unwrapIfClosure(Object(Closure))
#23 /Users/mymacc/Laravel/antriandukcapil/vendor/laravel/framework/src/Illuminate/Container/BoundMethod.php(35): Illuminate\\Container\\BoundMethod::callBoundMethod(Object(Illuminate\\Foundation\\Application), Array, Object(Closure))
#24 /Users/mymacc/Laravel/antriandukcapil/vendor/laravel/framework/src/Illuminate/Container/Container.php(662): Illuminate\\Container\\BoundMethod::call(Object(Illuminate\\Foundation\\Application), Array, Array, NULL)
#25 /Users/mymacc/Laravel/antriandukcapil/vendor/laravel/framework/src/Illuminate/Foundation/Application.php(1006): Illuminate\\Container\\Container->call(Array)
#26 /Users/mymacc/Laravel/antriandukcapil/vendor/laravel/framework/src/Illuminate/Foundation/Application.php(987): Illuminate\\Foundation\\Application->bootProvider(Object(App\\Providers\\AppServiceProvider))
#27 [internal function]: Illuminate\\Foundation\\Application->Illuminate\\Foundation\\{closure}(Object(App\\Providers\\AppServiceProvider), 25)
#28 /Users/mymacc/Laravel/antriandukcapil/vendor/laravel/framework/src/Illuminate/Foundation/Application.php(986): array_walk(Array, Object(Closure))
#29 /Users/mymacc/Laravel/antriandukcapil/vendor/laravel/framework/src/Illuminate/Foundation/Bootstrap/BootProviders.php(17): Illuminate\\Foundation\\Application->boot()
#30 /Users/mymacc/Laravel/antriandukcapil/vendor/laravel/framework/src/Illuminate/Foundation/Application.php(261): Illuminate\\Foundation\\Bootstrap\\BootProviders->bootstrap(Object(Illuminate\\Foundation\\Application))
#31 /Users/mymacc/Laravel/antriandukcapil/vendor/laravel/framework/src/Illuminate/Foundation/Console/Kernel.php(428): Illuminate\\Foundation\\Application->bootstrapWith(Array)
#32 /Users/mymacc/Laravel/antriandukcapil/vendor/laravel/framework/src/Illuminate/Foundation/Console/Kernel.php(198): Illuminate\\Foundation\\Console\\Kernel->bootstrap()
#33 Command line code(1): Illuminate\\Foundation\\Console\\Kernel->handle(Object(Symfony\\Component\\Console\\Input\\ArgvInput), Object(Symfony\\Component\\Console\\Output\\ConsoleOutput))
#34 {main}
"} 
[2026-04-26 13:27:53] local.ERROR: SQLSTATE[HY000] [1045] Access denied for user 'root'@'localhost' (using password: NO) (Connection: mysql, SQL: select * from `antrians`) {"exception":"[object] (Illuminate\\Database\\QueryException(code: 1045): SQLSTATE[HY000] [1045] Access denied for user 'root'@'localhost' (using password: NO) (Connection: mysql, SQL: select * from `antrians`) at /Users/mymacc/Laravel/antriandukcapil/vendor/laravel/framework/src/Illuminate/Database/Connection.php:793)
[stacktrace]
#0 /Users/mymacc/Laravel/antriandukcapil/vendor/laravel/framework/src/Illuminate/Database/Connection.php(753): Illuminate\\Database\\Connection->runQueryCallback('select * from `...', Array, Object(Closure))
#1 /Users/mymacc/Laravel/antriandukcapil/vendor/laravel/framework/src/Illuminate/Database/Connection.php(405): Illuminate\\Database\\Connection->run('select * from `...', Array, Object(Closure))
#2 /Users/mymacc/Laravel/antriandukcapil/vendor/laravel/framework/src/Illuminate/Database/Query/Builder.php(2718): Illuminate\\Database\\Connection->select('select * from `...', Array, true)
#3 /Users/mymacc/Laravel/antriandukcapil/vendor/laravel/framework/src/Illuminate/Database/Query/Builder.php(2707): Illuminate\\Database\\Query\\Builder->runSelect()
#4 /Users/mymacc/Laravel/antriandukcapil/vendor/laravel/framework/src/Illuminate/Database/Query/Builder.php(3248): Illuminate\\Database\\Query\\Builder->Illuminate\\Database\\Query\\{closure}()
#5 /Users/mymacc/Laravel/antriandukcapil/vendor/laravel/framework/src/Illuminate/Database/Query/Builder.php(2706): Illuminate\\Database\\Query\\Builder->onceWithColumns(Array, Object(Closure))
#6 /Users/mymacc/Laravel/antriandukcapil/vendor/laravel/framework/src/Illuminate/Database/Eloquent/Builder.php(717): Illuminate\\Database\\Query\\Builder->get(Array)
#7 /Users/mymacc/Laravel/antriandukcapil/vendor/laravel/framework/src/Illuminate/Database/Eloquent/Builder.php(701): Illuminate\\Database\\Eloquent\\Builder->getModels(Array)
#8 /Users/mymacc/Laravel/antriandukcapil/vendor/laravel/framework/src/Illuminate/Database/Eloquent/Model.php(674): Illuminate\\Database\\Eloquent\\Builder->get(Array)
#9 /Users/mymacc/Laravel/antriandukcapil/app/Providers/AppServiceProvider.php(24): Illuminate\\Database\\Eloquent\\Model::all()
#10 /Users/mymacc/Laravel/antriandukcapil/vendor/laravel/framework/src/Illuminate/Container/BoundMethod.php(36): App\\Providers\\AppServiceProvider->boot()
#11 /Users/mymacc/Laravel/antriandukcapil/vendor/laravel/framework/src/Illuminate/Container/Util.php(41): Illuminate\\Container\\BoundMethod::Illuminate\\Container\\{closure}()
#12 /Users/mymacc/Laravel/antriandukcapil/vendor/laravel/framework/src/Illuminate/Container/BoundMethod.php(93): Illuminate\\Container\\Util::unwrapIfClosure(Object(Closure))
#13 /Users/mymacc/Laravel/antriandukcapil/vendor/laravel/framework/src/Illuminate/Container/BoundMethod.php(35): Illuminate\\Container\\BoundMethod::callBoundMethod(Object(Illuminate\\Foundation\\Application), Array, Object(Closure))
#14 /Users/mymacc/Laravel/antriandukcapil/vendor/laravel/framework/src/Illuminate/Container/Container.php(662): Illuminate\\Container\\BoundMethod::call(Object(Illuminate\\Foundation\\Application), Array, Array, NULL)
#15 /Users/mymacc/Laravel/antriandukcapil/vendor/laravel/framework/src/Illuminate/Foundation/Application.php(1006): Illuminate\\Container\\Container->call(Array)
#16 /Users/mymacc/Laravel/antriandukcapil/vendor/laravel/framework/src/Illuminate/Foundation/Application.php(987): Illuminate\\Foundation\\Application->bootProvider(Object(App\\Providers\\AppServiceProvider))
#17 [internal function]: Illuminate\\Foundation\\Application->Illuminate\\Foundation\\{closure}(Object(App\\Providers\\AppServiceProvider), 25)
#18 /Users/mymacc/Laravel/antriandukcapil/vendor/laravel/framework/src/Illuminate/Foundation/Application.php(986): array_walk(Array, Object(Closure))
#19 /Users/mymacc/Laravel/antriandukcapil/vendor/laravel/framework/src/Illuminate/Foundation/Bootstrap/BootProviders.php(17): Illuminate\\Foundation\\Application->boot()
#20 /Users/mymacc/Laravel/antriandukcapil/vendor/laravel/framework/src/Illuminate/Foundation/Application.php(261): Illuminate\\Foundation\\Bootstrap\\BootProviders->bootstrap(Object(Illuminate\\Foundation\\Application))
#21 /Users/mymacc/Laravel/antriandukcapil/vendor/laravel/framework/src/Illuminate/Foundation/Console/Kernel.php(428): Illuminate\\Foundation\\Application->bootstrapWith(Array)
#22 /Users/mymacc/Laravel/antriandukcapil/vendor/laravel/framework/src/Illuminate/Foundation/Console/Kernel.php(198): Illuminate\\Foundation\\Console\\Kernel->bootstrap()
#23 Command line code(1): Illuminate\\Foundation\\Console\\Kernel->handle(Object(Symfony\\Component\\Console\\Input\\ArgvInput), Object(Symfony\\Component\\Console\\Output\\ConsoleOutput))
#24 {main}

[previous exception] [object] (PDOException(code: 1045): SQLSTATE[HY000] [1045] Access denied for user 'root'@'localhost' (using password: NO) at /Users/mymacc/Laravel/antriandukcapil/vendor/laravel/framework/src/Illuminate/Database/Connectors/Connector.php:65)
[stacktrace]
#0 /Users/mymacc/Laravel/antriandukcapil/vendor/laravel/framework/src/Illuminate/Database/Connectors/Connector.php(65): PDO->__construct('mysql:host=127....', 'root', Object(SensitiveParameterValue), Array)
#1 /Users/mymacc/Laravel/antriandukcapil/vendor/laravel/framework/src/Illuminate/Database/Connectors/Connector.php(44): Illuminate\\Database\\Connectors\\Connector->createPdoConnection('mysql:host=127....', 'root', '', Array)
#2 /Users/mymacc/Laravel/antriandukcapil/vendor/laravel/framework/src/Illuminate/Database/Connectors/MySqlConnector.php(24): Illuminate\\Database\\Connectors\\Connector->createConnection('mysql:host=127....', Array, Array)
#3 /Users/mymacc/Laravel/antriandukcapil/vendor/laravel/framework/src/Illuminate/Database/Connectors/ConnectionFactory.php(184): Illuminate\\Database\\Connectors\\MySqlConnector->connect(Array)
#4 [internal function]: Illuminate\\Database\\Connectors\\ConnectionFactory->Illuminate\\Database\\Connectors\\{closure}()
#5 /Users/mymacc/Laravel/antriandukcapil/vendor/laravel/framework/src/Illuminate/Database/Connection.php(1210): call_user_func(Object(Closure))
#6 /Users/mymacc/Laravel/antriandukcapil/vendor/laravel/framework/src/Illuminate/Database/Connection.php(1246): Illuminate\\Database\\Connection->getPdo()
#7 /Users/mymacc/Laravel/antriandukcapil/vendor/laravel/framework/src/Illuminate/Database/Connection.php(519): Illuminate\\Database\\Connection->getReadPdo()
#8 /Users/mymacc/Laravel/antriandukcapil/vendor/laravel/framework/src/Illuminate/Database/Connection.php(414): Illuminate\\Database\\Connection->getPdoForSelect(true)
#9 /Users/mymacc/Laravel/antriandukcapil/vendor/laravel/framework/src/Illuminate/Database/Connection.php(786): Illuminate\\Database\\Connection->Illuminate\\Database\\{closure}('select * from `...', Array)
#10 /Users/mymacc/Laravel/antriandukcapil/vendor/laravel/framework/src/Illuminate/Database/Connection.php(753): Illuminate\\Database\\Connection->runQueryCallback('select * from `...', Array, Object(Closure))
#11 /Users/mymacc/Laravel/antriandukcapil/vendor/laravel/framework/src/Illuminate/Database/Connection.php(405): Illuminate\\Database\\Connection->run('select * from `...', Array, Object(Closure))
#12 /Users/mymacc/Laravel/antriandukcapil/vendor/laravel/framework/src/Illuminate/Database/Query/Builder.php(2718): Illuminate\\Database\\Connection->select('select * from `...', Array, true)
#13 /Users/mymacc/Laravel/antriandukcapil/vendor/laravel/framework/src/Illuminate/Database/Query/Builder.php(2707): Illuminate\\Database\\Query\\Builder->runSelect()
#14 /Users/mymacc/Laravel/antriandukcapil/vendor/laravel/framework/src/Illuminate/Database/Query/Builder.php(3248): Illuminate\\Database\\Query\\Builder->Illuminate\\Database\\Query\\{closure}()
#15 /Users/mymacc/Laravel/antriandukcapil/vendor/laravel/framework/src/Illuminate/Database/Query/Builder.php(2706): Illuminate\\Database\\Query\\Builder->onceWithColumns(Array, Object(Closure))
#16 /Users/mymacc/Laravel/antriandukcapil/vendor/laravel/framework/src/Illuminate/Database/Eloquent/Builder.php(717): Illuminate\\Database\\Query\\Builder->get(Array)
#17 /Users/mymacc/Laravel/antriandukcapil/vendor/laravel/framework/src/Illuminate/Database/Eloquent/Builder.php(701): Illuminate\\Database\\Eloquent\\Builder->getModels(Array)
#18 /Users/mymacc/Laravel/antriandukcapil/vendor/laravel/framework/src/Illuminate/Database/Eloquent/Model.php(674): Illuminate\\Database\\Eloquent\\Builder->get(Array)
#19 /Users/mymacc/Laravel/antriandukcapil/app/Providers/AppServiceProvider.php(24): Illuminate\\Database\\Eloquent\\Model::all()
#20 /Users/mymacc/Laravel/antriandukcapil/vendor/laravel/framework/src/Illuminate/Container/BoundMethod.php(36): App\\Providers\\AppServiceProvider->boot()
#21 /Users/mymacc/Laravel/antriandukcapil/vendor/laravel/framework/src/Illuminate/Container/Util.php(41): Illuminate\\Container\\BoundMethod::Illuminate\\Container\\{closure}()
#22 /Users/mymacc/Laravel/antriandukcapil/vendor/laravel/framework/src/Illuminate/Container/BoundMethod.php(93): Illuminate\\Container\\Util::unwrapIfClosure(Object(Closure))
#23 /Users/mymacc/Laravel/antriandukcapil/vendor/laravel/framework/src/Illuminate/Container/BoundMethod.php(35): Illuminate\\Container\\BoundMethod::callBoundMethod(Object(Illuminate\\Foundation\\Application), Array, Object(Closure))
#24 /Users/mymacc/Laravel/antriandukcapil/vendor/laravel/framework/src/Illuminate/Container/Container.php(662): Illuminate\\Container\\BoundMethod::call(Object(Illuminate\\Foundation\\Application), Array, Array, NULL)
#25 /Users/mymacc/Laravel/antriandukcapil/vendor/laravel/framework/src/Illuminate/Foundation/Application.php(1006): Illuminate\\Container\\Container->call(Array)
#26 /Users/mymacc/Laravel/antriandukcapil/vendor/laravel/framework/src/Illuminate/Foundation/Application.php(987): Illuminate\\Foundation\\Application->bootProvider(Object(App\\Providers\\AppServiceProvider))
#27 [internal function]: Illuminate\\Foundation\\Application->Illuminate\\Foundation\\{closure}(Object(App\\Providers\\AppServiceProvider), 25)
#28 /Users/mymacc/Laravel/antriandukcapil/vendor/laravel/framework/src/Illuminate/Foundation/Application.php(986): array_walk(Array, Object(Closure))
#29 /Users/mymacc/Laravel/antriandukcapil/vendor/laravel/framework/src/Illuminate/Foundation/Bootstrap/BootProviders.php(17): Illuminate\\Foundation\\Application->boot()
#30 /Users/mymacc/Laravel/antriandukcapil/vendor/laravel/framework/src/Illuminate/Foundation/Application.php(261): Illuminate\\Foundation\\Bootstrap\\BootProviders->bootstrap(Object(Illuminate\\Foundation\\Application))
#31 /Users/mymacc/Laravel/antriandukcapil/vendor/laravel/framework/src/Illuminate/Foundation/Console/Kernel.php(428): Illuminate\\Foundation\\Application->bootstrapWith(Array)
#32 /Users/mymacc/Laravel/antriandukcapil/vendor/laravel/framework/src/Illuminate/Foundation/Console/Kernel.php(198): Illuminate\\Foundation\\Console\\Kernel->bootstrap()
#33 Command line code(1): Illuminate\\Foundation\\Console\\Kernel->handle(Object(Symfony\\Component\\Console\\Input\\ArgvInput), Object(Symfony\\Component\\Console\\Output\\ConsoleOutput))
#34 {main}
"} 
[2026-04-26 13:27:53] local.ERROR: SQLSTATE[HY000] [1045] Access denied for user 'root'@'localhost' (using password: NO) (Connection: mysql, SQL: select * from `antrians`) {"exception":"[object] (Illuminate\\Database\\QueryException(code: 1045): SQLSTATE[HY000] [1045] Access denied for user 'root'@'localhost' (using password: NO) (Connection: mysql, SQL: select * from `antrians`) at /Users/mymacc/Laravel/antriandukcapil/vendor/laravel/framework/src/Illuminate/Database/Connection.php:793)
[stacktrace]
#0 /Users/mymacc/Laravel/antriandukcapil/vendor/laravel/framework/src/Illuminate/Database/Connection.php(753): Illuminate\\Database\\Connection->runQueryCallback('select * from `...', Array, Object(Closure))
#1 /Users/mymacc/Laravel/antriandukcapil/vendor/laravel/framework/src/Illuminate/Database/Connection.php(405): Illuminate\\Database\\Connection->run('select * from `...', Array, Object(Closure))
#2 /Users/mymacc/Laravel/antriandukcapil/vendor/laravel/framework/src/Illuminate/Database/Query/Builder.php(2718): Illuminate\\Database\\Connection->select('select * from `...', Array, true)
#3 /Users/mymacc/Laravel/antriandukcapil/vendor/laravel/framework/src/Illuminate/Database/Query/Builder.php(2707): Illuminate\\Database\\Query\\Builder->runSelect()
#4 /Users/mymacc/Laravel/antriandukcapil/vendor/laravel/framework/src/Illuminate/Database/Query/Builder.php(3248): Illuminate\\Database\\Query\\Builder->Illuminate\\Database\\Query\\{closure}()
#5 /Users/mymacc/Laravel/antriandukcapil/vendor/laravel/framework/src/Illuminate/Database/Query/Builder.php(2706): Illuminate\\Database\\Query\\Builder->onceWithColumns(Array, Object(Closure))
#6 /Users/mymacc/Laravel/antriandukcapil/vendor/laravel/framework/src/Illuminate/Database/Eloquent/Builder.php(717): Illuminate\\Database\\Query\\Builder->get(Array)
#7 /Users/mymacc/Laravel/antriandukcapil/vendor/laravel/framework/src/Illuminate/Database/Eloquent/Builder.php(701): Illuminate\\Database\\Eloquent\\Builder->getModels(Array)
#8 /Users/mymacc/Laravel/antriandukcapil/vendor/laravel/framework/src/Illuminate/Database/Eloquent/Model.php(674): Illuminate\\Database\\Eloquent\\Builder->get(Array)
#9 /Users/mymacc/Laravel/antriandukcapil/app/Providers/AppServiceProvider.php(24): Illuminate\\Database\\Eloquent\\Model::all()
#10 /Users/mymacc/Laravel/antriandukcapil/vendor/laravel/framework/src/Illuminate/Container/BoundMethod.php(36): App\\Providers\\AppServiceProvider->boot()
#11 /Users/mymacc/Laravel/antriandukcapil/vendor/laravel/framework/src/Illuminate/Container/Util.php(41): Illuminate\\Container\\BoundMethod::Illuminate\\Container\\{closure}()
#12 /Users/mymacc/Laravel/antriandukcapil/vendor/laravel/framework/src/Illuminate/Container/BoundMethod.php(93): Illuminate\\Container\\Util::unwrapIfClosure(Object(Closure))
#13 /Users/mymacc/Laravel/antriandukcapil/vendor/laravel/framework/src/Illuminate/Container/BoundMethod.php(35): Illuminate\\Container\\BoundMethod::callBoundMethod(Object(Illuminate\\Foundation\\Application), Array, Object(Closure))
#14 /Users/mymacc/Laravel/antriandukcapil/vendor/laravel/framework/src/Illuminate/Container/Container.php(662): Illuminate\\Container\\BoundMethod::call(Object(Illuminate\\Foundation\\Application), Array, Array, NULL)
#15 /Users/mymacc/Laravel/antriandukcapil/vendor/laravel/framework/src/Illuminate/Foundation/Application.php(1006): Illuminate\\Container\\Container->call(Array)
#16 /Users/mymacc/Laravel/antriandukcapil/vendor/laravel/framework/src/Illuminate/Foundation/Application.php(987): Illuminate\\Foundation\\Application->bootProvider(Object(App\\Providers\\AppServiceProvider))
#17 [internal function]: Illuminate\\Foundation\\Application->Illuminate\\Foundation\\{closure}(Object(App\\Providers\\AppServiceProvider), 25)
#18 /Users/mymacc/Laravel/antriandukcapil/vendor/laravel/framework/src/Illuminate/Foundation/Application.php(986): array_walk(Array, Object(Closure))
#19 /Users/mymacc/Laravel/antriandukcapil/vendor/laravel/framework/src/Illuminate/Foundation/Bootstrap/BootProviders.php(17): Illuminate\\Foundation\\Application->boot()
#20 /Users/mymacc/Laravel/antriandukcapil/vendor/laravel/framework/src/Illuminate/Foundation/Application.php(261): Illuminate\\Foundation\\Bootstrap\\BootProviders->bootstrap(Object(Illuminate\\Foundation\\Application))
#21 /Users/mymacc/Laravel/antriandukcapil/vendor/laravel/framework/src/Illuminate/Foundation/Console/Kernel.php(428): Illuminate\\Foundation\\Application->bootstrapWith(Array)
#22 /Users/mymacc/Laravel/antriandukcapil/vendor/laravel/framework/src/Illuminate/Foundation/Console/Kernel.php(198): Illuminate\\Foundation\\Console\\Kernel->bootstrap()
#23 Command line code(1): Illuminate\\Foundation\\Console\\Kernel->handle(Object(Symfony\\Component\\Console\\Input\\ArgvInput), Object(Symfony\\Component\\Console\\Output\\ConsoleOutput))
#24 {main}

[previous exception] [object] (PDOException(code: 1045): SQLSTATE[HY000] [1045] Access denied for user 'root'@'localhost' (using password: NO) at /Users/mymacc/Laravel/antriandukcapil/vendor/laravel/framework/src/Illuminate/Database/Connectors/Connector.php:65)
[stacktrace]
#0 /Users/mymacc/Laravel/antriandukcapil/vendor/laravel/framework/src/Illuminate/Database/Connectors/Connector.php(65): PDO->__construct('mysql:host=127....', 'root', Object(SensitiveParameterValue), Array)
#1 /Users/mymacc/Laravel/antriandukcapil/vendor/laravel/framework/src/Illuminate/Database/Connectors/Connector.php(44): Illuminate\\Database\\Connectors\\Connector->createPdoConnection('mysql:host=127....', 'root', '', Array)
#2 /Users/mymacc/Laravel/antriandukcapil/vendor/laravel/framework/src/Illuminate/Database/Connectors/MySqlConnector.php(24): Illuminate\\Database\\Connectors\\Connector->createConnection('mysql:host=127....', Array, Array)
#3 /Users/mymacc/Laravel/antriandukcapil/vendor/laravel/framework/src/Illuminate/Database/Connectors/ConnectionFactory.php(184): Illuminate\\Database\\Connectors\\MySqlConnector->connect(Array)
#4 [internal function]: Illuminate\\Database\\Connectors\\ConnectionFactory->Illuminate\\Database\\Connectors\\{closure}()
#5 /Users/mymacc/Laravel/antriandukcapil/vendor/laravel/framework/src/Illuminate/Database/Connection.php(1210): call_user_func(Object(Closure))
#6 /Users/mymacc/Laravel/antriandukcapil/vendor/laravel/framework/src/Illuminate/Database/Connection.php(1246): Illuminate\\Database\\Connection->getPdo()
#7 /Users/mymacc/Laravel/antriandukcapil/vendor/laravel/framework/src/Illuminate/Database/Connection.php(519): Illuminate\\Database\\Connection->getReadPdo()
#8 /Users/mymacc/Laravel/antriandukcapil/vendor/laravel/framework/src/Illuminate/Database/Connection.php(414): Illuminate\\Database\\Connection->getPdoForSelect(true)
#9 /Users/mymacc/Laravel/antriandukcapil/vendor/laravel/framework/src/Illuminate/Database/Connection.php(786): Illuminate\\Database\\Connection->Illuminate\\Database\\{closure}('select * from `...', Array)
#10 /Users/mymacc/Laravel/antriandukcapil/vendor/laravel/framework/src/Illuminate/Database/Connection.php(753): Illuminate\\Database\\Connection->runQueryCallback('select * from `...', Array, Object(Closure))
#11 /Users/mymacc/Laravel/antriandukcapil/vendor/laravel/framework/src/Illuminate/Database/Connection.php(405): Illuminate\\Database\\Connection->run('select * from `...', Array, Object(Closure))
#12 /Users/mymacc/Laravel/antriandukcapil/vendor/laravel/framework/src/Illuminate/Database/Query/Builder.php(2718): Illuminate\\Database\\Connection->select('select * from `...', Array, true)
#13 /Users/mymacc/Laravel/antriandukcapil/vendor/laravel/framework/src/Illuminate/Database/Query/Builder.php(2707): Illuminate\\Database\\Query\\Builder->runSelect()
#14 /Users/mymacc/Laravel/antriandukcapil/vendor/laravel/framework/src/Illuminate/Database/Query/Builder.php(3248): Illuminate\\Database\\Query\\Builder->Illuminate\\Database\\Query\\{closure}()
#15 /Users/mymacc/Laravel/antriandukcapil/vendor/laravel/framework/src/Illuminate/Database/Query/Builder.php(2706): Illuminate\\Database\\Query\\Builder->onceWithColumns(Array, Object(Closure))
#16 /Users/mymacc/Laravel/antriandukcapil/vendor/laravel/framework/src/Illuminate/Database/Eloquent/Builder.php(717): Illuminate\\Database\\Query\\Builder->get(Array)
#17 /Users/mymacc/Laravel/antriandukcapil/vendor/laravel/framework/src/Illuminate/Database/Eloquent/Builder.php(701): Illuminate\\Database\\Eloquent\\Builder->getModels(Array)
#18 /Users/mymacc/Laravel/antriandukcapil/vendor/laravel/framework/src/Illuminate/Database/Eloquent/Model.php(674): Illuminate\\Database\\Eloquent\\Builder->get(Array)
#19 /Users/mymacc/Laravel/antriandukcapil/app/Providers/AppServiceProvider.php(24): Illuminate\\Database\\Eloquent\\Model::all()
#20 /Users/mymacc/Laravel/antriandukcapil/vendor/laravel/framework/src/Illuminate/Container/BoundMethod.php(36): App\\Providers\\AppServiceProvider->boot()
#21 /Users/mymacc/Laravel/antriandukcapil/vendor/laravel/framework/src/Illuminate/Container/Util.php(41): Illuminate\\Container\\BoundMethod::Illuminate\\Container\\{closure}()
#22 /Users/mymacc/Laravel/antriandukcapil/vendor/laravel/framework/src/Illuminate/Container/BoundMethod.php(93): Illuminate\\Container\\Util::unwrapIfClosure(Object(Closure))
#23 /Users/mymacc/Laravel/antriandukcapil/vendor/laravel/framework/src/Illuminate/Container/BoundMethod.php(35): Illuminate\\Container\\BoundMethod::callBoundMethod(Object(Illuminate\\Foundation\\Application), Array, Object(Closure))
#24 /Users/mymacc/Laravel/antriandukcapil/vendor/laravel/framework/src/Illuminate/Container/Container.php(662): Illuminate\\Container\\BoundMethod::call(Object(Illuminate\\Foundation\\Application), Array, Array, NULL)
#25 /Users/mymacc/Laravel/antriandukcapil/vendor/laravel/framework/src/Illuminate/Foundation/Application.php(1006): Illuminate\\Container\\Container->call(Array)
#26 /Users/mymacc/Laravel/antriandukcapil/vendor/laravel/framework/src/Illuminate/Foundation/Application.php(987): Illuminate\\Foundation\\Application->bootProvider(Object(App\\Providers\\AppServiceProvider))
#27 [internal function]: Illuminate\\Foundation\\Application->Illuminate\\Foundation\\{closure}(Object(App\\Providers\\AppServiceProvider), 25)
#28 /Users/mymacc/Laravel/antriandukcapil/vendor/laravel/framework/src/Illuminate/Foundation/Application.php(986): array_walk(Array, Object(Closure))
#29 /Users/mymacc/Laravel/antriandukcapil/vendor/laravel/framework/src/Illuminate/Foundation/Bootstrap/BootProviders.php(17): Illuminate\\Foundation\\Application->boot()
#30 /Users/mymacc/Laravel/antriandukcapil/vendor/laravel/framework/src/Illuminate/Foundation/Application.php(261): Illuminate\\Foundation\\Bootstrap\\BootProviders->bootstrap(Object(Illuminate\\Foundation\\Application))
#31 /Users/mymacc/Laravel/antriandukcapil/vendor/laravel/framework/src/Illuminate/Foundation/Console/Kernel.php(428): Illuminate\\Foundation\\Application->bootstrapWith(Array)
#32 /Users/mymacc/Laravel/antriandukcapil/vendor/laravel/framework/src/Illuminate/Foundation/Console/Kernel.php(198): Illuminate\\Foundation\\Console\\Kernel->bootstrap()
#33 Command line code(1): Illuminate\\Foundation\\Console\\Kernel->handle(Object(Symfony\\Component\\Console\\Input\\ArgvInput), Object(Symfony\\Component\\Console\\Output\\ConsoleOutput))
#34 {main}
"} 
[2026-04-26 13:27:53] local.ERROR: SQLSTATE[HY000] [1045] Access denied for user 'root'@'localhost' (using password: NO) (Connection: mysql, SQL: select * from `antrians`) {"exception":"[object] (Illuminate\\Database\\QueryException(code: 1045): SQLSTATE[HY000] [1045] Access denied for user 'root'@'localhost' (using password: NO) (Connection: mysql, SQL: select * from `antrians`) at /Users/mymacc/Laravel/antriandukcapil/vendor/laravel/framework/src/Illuminate/Database/Connection.php:793)
[stacktrace]
#0 /Users/mymacc/Laravel/antriandukcapil/vendor/laravel/framework/src/Illuminate/Database/Connection.php(753): Illuminate\\Database\\Connection->runQueryCallback('select * from `...', Array, Object(Closure))
#1 /Users/mymacc/Laravel/antriandukcapil/vendor/laravel/framework/src/Illuminate/Database/Connection.php(405): Illuminate\\Database\\Connection->run('select * from `...', Array, Object(Closure))
#2 /Users/mymacc/Laravel/antriandukcapil/vendor/laravel/framework/src/Illuminate/Database/Query/Builder.php(2718): Illuminate\\Database\\Connection->select('select * from `...', Array, true)
#3 /Users/mymacc/Laravel/antriandukcapil/vendor/laravel/framework/src/Illuminate/Database/Query/Builder.php(2707): Illuminate\\Database\\Query\\Builder->runSelect()
#4 /Users/mymacc/Laravel/antriandukcapil/vendor/laravel/framework/src/Illuminate/Database/Query/Builder.php(3248): Illuminate\\Database\\Query\\Builder->Illuminate\\Database\\Query\\{closure}()
#5 /Users/mymacc/Laravel/antriandukcapil/vendor/laravel/framework/src/Illuminate/Database/Query/Builder.php(2706): Illuminate\\Database\\Query\\Builder->onceWithColumns(Array, Object(Closure))
#6 /Users/mymacc/Laravel/antriandukcapil/vendor/laravel/framework/src/Illuminate/Database/Eloquent/Builder.php(717): Illuminate\\Database\\Query\\Builder->get(Array)
#7 /Users/mymacc/Laravel/antriandukcapil/vendor/laravel/framework/src/Illuminate/Database/Eloquent/Builder.php(701): Illuminate\\Database\\Eloquent\\Builder->getModels(Array)
#8 /Users/mymacc/Laravel/antriandukcapil/vendor/laravel/framework/src/Illuminate/Database/Eloquent/Model.php(674): Illuminate\\Database\\Eloquent\\Builder->get(Array)
#9 /Users/mymacc/Laravel/antriandukcapil/app/Providers/AppServiceProvider.php(24): Illuminate\\Database\\Eloquent\\Model::all()
#10 /Users/mymacc/Laravel/antriandukcapil/vendor/laravel/framework/src/Illuminate/Container/BoundMethod.php(36): App\\Providers\\AppServiceProvider->boot()
#11 /Users/mymacc/Laravel/antriandukcapil/vendor/laravel/framework/src/Illuminate/Container/Util.php(41): Illuminate\\Container\\BoundMethod::Illuminate\\Container\\{closure}()
#12 /Users/mymacc/Laravel/antriandukcapil/vendor/laravel/framework/src/Illuminate/Container/BoundMethod.php(93): Illuminate\\Container\\Util::unwrapIfClosure(Object(Closure))
#13 /Users/mymacc/Laravel/antriandukcapil/vendor/laravel/framework/src/Illuminate/Container/BoundMethod.php(35): Illuminate\\Container\\BoundMethod::callBoundMethod(Object(Illuminate\\Foundation\\Application), Array, Object(Closure))
#14 /Users/mymacc/Laravel/antriandukcapil/vendor/laravel/framework/src/Illuminate/Container/Container.php(662): Illuminate\\Container\\BoundMethod::call(Object(Illuminate\\Foundation\\Application), Array, Array, NULL)
#15 /Users/mymacc/Laravel/antriandukcapil/vendor/laravel/framework/src/Illuminate/Foundation/Application.php(1006): Illuminate\\Container\\Container->call(Array)
#16 /Users/mymacc/Laravel/antriandukcapil/vendor/laravel/framework/src/Illuminate/Foundation/Application.php(987): Illuminate\\Foundation\\Application->bootProvider(Object(App\\Providers\\AppServiceProvider))
#17 [internal function]: Illuminate\\Foundation\\Application->Illuminate\\Foundation\\{closure}(Object(App\\Providers\\AppServiceProvider), 25)
#18 /Users/mymacc/Laravel/antriandukcapil/vendor/laravel/framework/src/Illuminate/Foundation/Application.php(986): array_walk(Array, Object(Closure))
#19 /Users/mymacc/Laravel/antriandukcapil/vendor/laravel/framework/src/Illuminate/Foundation/Bootstrap/BootProviders.php(17): Illuminate\\Foundation\\Application->boot()
#20 /Users/mymacc/Laravel/antriandukcapil/vendor/laravel/framework/src/Illuminate/Foundation/Application.php(261): Illuminate\\Foundation\\Bootstrap\\BootProviders->bootstrap(Object(Illuminate\\Foundation\\Application))
#21 /Users/mymacc/Laravel/antriandukcapil/vendor/laravel/framework/src/Illuminate/Foundation/Console/Kernel.php(428): Illuminate\\Foundation\\Application->bootstrapWith(Array)
#22 /Users/mymacc/Laravel/antriandukcapil/vendor/laravel/framework/src/Illuminate/Foundation/Console/Kernel.php(198): Illuminate\\Foundation\\Console\\Kernel->bootstrap()
#23 Command line code(1): Illuminate\\Foundation\\Console\\Kernel->handle(Object(Symfony\\Component\\Console\\Input\\ArgvInput), Object(Symfony\\Component\\Console\\Output\\ConsoleOutput))
#24 {main}

[previous exception] [object] (PDOException(code: 1045): SQLSTATE[HY000] [1045] Access denied for user 'root'@'localhost' (using password: NO) at /Users/mymacc/Laravel/antriandukcapil/vendor/laravel/framework/src/Illuminate/Database/Connectors/Connector.php:65)
[stacktrace]
#0 /Users/mymacc/Laravel/antriandukcapil/vendor/laravel/framework/src/Illuminate/Database/Connectors/Connector.php(65): PDO->__construct('mysql:host=127....', 'root', Object(SensitiveParameterValue), Array)
#1 /Users/mymacc/Laravel/antriandukcapil/vendor/laravel/framework/src/Illuminate/Database/Connectors/Connector.php(44): Illuminate\\Database\\Connectors\\Connector->createPdoConnection('mysql:host=127....', 'root', '', Array)
#2 /Users/mymacc/Laravel/antriandukcapil/vendor/laravel/framework/src/Illuminate/Database/Connectors/MySqlConnector.php(24): Illuminate\\Database\\Connectors\\Connector->createConnection('mysql:host=127....', Array, Array)
#3 /Users/mymacc/Laravel/antriandukcapil/vendor/laravel/framework/src/Illuminate/Database/Connectors/ConnectionFactory.php(184): Illuminate\\Database\\Connectors\\MySqlConnector->connect(Array)
#4 [internal function]: Illuminate\\Database\\Connectors\\ConnectionFactory->Illuminate\\Database\\Connectors\\{closure}()
#5 /Users/mymacc/Laravel/antriandukcapil/vendor/laravel/framework/src/Illuminate/Database/Connection.php(1210): call_user_func(Object(Closure))
#6 /Users/mymacc/Laravel/antriandukcapil/vendor/laravel/framework/src/Illuminate/Database/Connection.php(1246): Illuminate\\Database\\Connection->getPdo()
#7 /Users/mymacc/Laravel/antriandukcapil/vendor/laravel/framework/src/Illuminate/Database/Connection.php(519): Illuminate\\Database\\Connection->getReadPdo()
#8 /Users/mymacc/Laravel/antriandukcapil/vendor/laravel/framework/src/Illuminate/Database/Connection.php(414): Illuminate\\Database\\Connection->getPdoForSelect(true)
#9 /Users/mymacc/Laravel/antriandukcapil/vendor/laravel/framework/src/Illuminate/Database/Connection.php(786): Illuminate\\Database\\Connection->Illuminate\\Database\\{closure}('select * from `...', Array)
#10 /Users/mymacc/Laravel/antriandukcapil/vendor/laravel/framework/src/Illuminate/Database/Connection.php(753): Illuminate\\Database\\Connection->runQueryCallback('select * from `...', Array, Object(Closure))
#11 /Users/mymacc/Laravel/antriandukcapil/vendor/laravel/framework/src/Illuminate/Database/Connection.php(405): Illuminate\\Database\\Connection->run('select * from `...', Array, Object(Closure))
#12 /Users/mymacc/Laravel/antriandukcapil/vendor/laravel/framework/src/Illuminate/Database/Query/Builder.php(2718): Illuminate\\Database\\Connection->select('select * from `...', Array, true)
#13 /Users/mymacc/Laravel/antriandukcapil/vendor/laravel/framework/src/Illuminate/Database/Query/Builder.php(2707): Illuminate\\Database\\Query\\Builder->runSelect()
#14 /Users/mymacc/Laravel/antriandukcapil/vendor/laravel/framework/src/Illuminate/Database/Query/Builder.php(3248): Illuminate\\Database\\Query\\Builder->Illuminate\\Database\\Query\\{closure}()
#15 /Users/mymacc/Laravel/antriandukcapil/vendor/laravel/framework/src/Illuminate/Database/Query/Builder.php(2706): Illuminate\\Database\\Query\\Builder->onceWithColumns(Array, Object(Closure))
#16 /Users/mymacc/Laravel/antriandukcapil/vendor/laravel/framework/src/Illuminate/Database/Eloquent/Builder.php(717): Illuminate\\Database\\Query\\Builder->get(Array)
#17 /Users/mymacc/Laravel/antriandukcapil/vendor/laravel/framework/src/Illuminate/Database/Eloquent/Builder.php(701): Illuminate\\Database\\Eloquent\\Builder->getModels(Array)
#18 /Users/mymacc/Laravel/antriandukcapil/vendor/laravel/framework/src/Illuminate/Database/Eloquent/Model.php(674): Illuminate\\Database\\Eloquent\\Builder->get(Array)
#19 /Users/mymacc/Laravel/antriandukcapil/app/Providers/AppServiceProvider.php(24): Illuminate\\Database\\Eloquent\\Model::all()
#20 /Users/mymacc/Laravel/antriandukcapil/vendor/laravel/framework/src/Illuminate/Container/BoundMethod.php(36): App\\Providers\\AppServiceProvider->boot()
#21 /Users/mymacc/Laravel/antriandukcapil/vendor/laravel/framework/src/Illuminate/Container/Util.php(41): Illuminate\\Container\\BoundMethod::Illuminate\\Container\\{closure}()
#22 /Users/mymacc/Laravel/antriandukcapil/vendor/laravel/framework/src/Illuminate/Container/BoundMethod.php(93): Illuminate\\Container\\Util::unwrapIfClosure(Object(Closure))
#23 /Users/mymacc/Laravel/antriandukcapil/vendor/laravel/framework/src/Illuminate/Container/BoundMethod.php(35): Illuminate\\Container\\BoundMethod::callBoundMethod(Object(Illuminate\\Foundation\\Application), Array, Object(Closure))
#24 /Users/mymacc/Laravel/antriandukcapil/vendor/laravel/framework/src/Illuminate/Container/Container.php(662): Illuminate\\Container\\BoundMethod::call(Object(Illuminate\\Foundation\\Application), Array, Array, NULL)
#25 /Users/mymacc/Laravel/antriandukcapil/vendor/laravel/framework/src/Illuminate/Foundation/Application.php(1006): Illuminate\\Container\\Container->call(Array)
#26 /Users/mymacc/Laravel/antriandukcapil/vendor/laravel/framework/src/Illuminate/Foundation/Application.php(987): Illuminate\\Foundation\\Application->bootProvider(Object(App\\Providers\\AppServiceProvider))
#27 [internal function]: Illuminate\\Foundation\\Application->Illuminate\\Foundation\\{closure}(Object(App\\Providers\\AppServiceProvider), 25)
#28 /Users/mymacc/Laravel/antriandukcapil/vendor/laravel/framework/src/Illuminate/Foundation/Application.php(986): array_walk(Array, Object(Closure))
#29 /Users/mymacc/Laravel/antriandukcapil/vendor/laravel/framework/src/Illuminate/Foundation/Bootstrap/BootProviders.php(17): Illuminate\\Foundation\\Application->boot()
#30 /Users/mymacc/Laravel/antriandukcapil/vendor/laravel/framework/src/Illuminate/Foundation/Application.php(261): Illuminate\\Foundation\\Bootstrap\\BootProviders->bootstrap(Object(Illuminate\\Foundation\\Application))
#31 /Users/mymacc/Laravel/antriandukcapil/vendor/laravel/framework/src/Illuminate/Foundation/Console/Kernel.php(428): Illuminate\\Foundation\\Application->bootstrapWith(Array)
#32 /Users/mymacc/Laravel/antriandukcapil/vendor/laravel/framework/src/Illuminate/Foundation/Console/Kernel.php(198): Illuminate\\Foundation\\Console\\Kernel->bootstrap()
#33 Command line code(1): Illuminate\\Foundation\\Console\\Kernel->handle(Object(Symfony\\Component\\Console\\Input\\ArgvInput), Object(Symfony\\Component\\Console\\Output\\ConsoleOutput))
#34 {main}
"} 
[2026-04-26 13:28:44] local.ERROR: There are no commands defined in the "ide-helper" namespace. {"exception":"[object] (Symfony\\Component\\Console\\Exception\\NamespaceNotFoundException(code: 0): There are no commands defined in the \"ide-helper\" namespace. at /Users/mymacc/Laravel/antriandukcapil/vendor/symfony/console/Application.php:632)
[stacktrace]
#0 /Users/mymacc/Laravel/antriandukcapil/vendor/symfony/console/Application.php(683): Symfony\\Component\\Console\\Application->findNamespace('ide-helper')
#1 /Users/mymacc/Laravel/antriandukcapil/vendor/symfony/console/Application.php(256): Symfony\\Component\\Console\\Application->find('ide-helper:gene...')
#2 /Users/mymacc/Laravel/antriandukcapil/vendor/symfony/console/Application.php(168): Symfony\\Component\\Console\\Application->doRun(Object(Symfony\\Component\\Console\\Input\\ArgvInput), Object(Symfony\\Component\\Console\\Output\\ConsoleOutput))
#3 /Users/mymacc/Laravel/antriandukcapil/vendor/laravel/framework/src/Illuminate/Foundation/Console/Kernel.php(200): Symfony\\Component\\Console\\Application->run(Object(Symfony\\Component\\Console\\Input\\ArgvInput), Object(Symfony\\Component\\Console\\Output\\ConsoleOutput))
#4 /Users/mymacc/Laravel/antriandukcapil/artisan(35): Illuminate\\Foundation\\Console\\Kernel->handle(Object(Symfony\\Component\\Console\\Input\\ArgvInput), Object(Symfony\\Component\\Console\\Output\\ConsoleOutput))
#5 {main}
"} 
